session_id,date,subject,subject_b,device_mode,metric,electrode,roles,run,trial_idx,a_state,b_state,b_direction,speed_intent,steer_intent,steer_direction,clean_switch,is_blink,latency_ms,mean_cmd_lin,moving_time_ratio,speed_active,mean_alpha,mean_tbr,mean_ei,blink_count
G_s1_alpha_single_2026-08-19_1787129459,2026-08-19,G,,single,alpha,,speed,1,0,attention,rest,left,0.539638,0.581197,1,,0,0.841897,0.107928,0.769231,1,31.964288,4.295247,0.274963,0.0
G_s1_alpha_single_2026-08-19_1787129459,2026-08-19,G,,single,alpha,,speed,1,1,rest,rest,left,0.0,0.5,1,,0,0.879125,0.0,0.0,0,126.7576,18.287464,0.093339,0.0
G_s1_alpha_single_2026-08-19_1787129459,2026-08-19,G,,single,alpha,,speed,1,2,attention,rest,left,0.691752,0.62798,1,,0,0.812548,0.13835,0.928571,1,16.343265,3.898364,0.38768,0.0
G_s1_alpha_single_2026-08-19_1787129459,2026-08-19,G,,single,alpha,,speed,1,3,rest,rest,left,0.0,0.5,1,,0,0.949476,0.0,0.0,0,94.819239,17.633196,0.123979,0.0
G_s1_alpha_single_2026-08-19_1787129459,2026-08-19,G,,single,alpha,,speed,1,4,attention,rest,left,0.536415,0.586648,1,,0,0.855128,0.107283,0.769231,1,28.238508,5.76297,0.280868,0.0
G_s1_alpha_single_2026-08-19_1787129459,2026-08-19,G,,single,alpha,,speed,1,5,rest,rest,left,0.004537,0.5,1,,0,0.912425,0.000907,0.025,0,805.652011,18.378682,0.10046,0.0
G_s1_alpha_single_2026-08-19_1787129459,2026-08-19,G,,single,alpha,,speed,1,6,attention,rest,left,0.388935,0.549065,1,,0,0.866625,0.077787,0.625,1,37.050805,9.559276,0.257124,0.0
G_s1_alpha_single_2026-08-19_1787129459,2026-08-19,G,,single,alpha,,speed,1,7,rest,rest,left,0.075406,0.513893,1,,0,0.91331,0.015081,0.095238,0,131.125101,18.542389,0.094292,0.0
G_s1_alpha_single_2026-08-19_1787129459,2026-08-19,G,,single,alpha,,speed,1,8,attention,rest,left,0.319099,0.5469,1,,0,0.860103,0.06382,0.487179,1,42.180189,6.792208,0.219884,0.0
G_s1_alpha_single_2026-08-19_1787129459,2026-08-19,G,,single,alpha,,speed,1,9,rest,rest,left,0.007199,0.5,1,,0,0.896425,0.00144,0.025,0,431.111766,27.180433,0.118074,0.0
G_s1_alpha_single_2026-08-19_1787129459,2026-08-19,G,,single,alpha,,speed,1,10,attention,rest,left,0.434714,0.562112,1,,0,0.864875,0.086943,0.675,1,31.946352,2.857076,0.313676,0.0
G_s1_alpha_single_2026-08-19_1787129459,2026-08-19,G,,single,alpha,,speed,1,11,rest,rest,left,0.0,0.5,1,,0,0.940571,0.0,0.0,0,5455.992386,41.034994,0.112941,0.0
G_s1_alpha_single_2026-08-19_1787129459,2026-08-19,G,,single,alpha,,speed,1,12,attention,rest,left,0.38849,0.527859,1,,0,0.864881,0.077698,0.714286,1,35.201095,5.21145,0.340058,0.0
G_s1_alpha_single_2026-08-19_1787129459,2026-08-19,G,,single,alpha,,speed,1,13,rest,rest,left,0.0,0.5,1,,0,0.964282,0.0,0.0,0,169.79166,13.415128,0.113509,0.0
G_s1_alpha_single_2026-08-19_1787129459,2026-08-19,G,,single,alpha,,speed,1,14,attention,rest,left,0.608458,0.605217,1,,0,0.83241,0.121692,0.871795,1,20.394187,4.131835,0.400389,0.0
G_s1_alpha_single_2026-08-19_1787129459,2026-08-19,G,,single,alpha,,speed,1,15,rest,rest,left,0.008033,0.5,1,,0,0.90431,0.001607,0.02381,0,72.671276,12.471195,0.152539,0.0
G_s1_alpha_single_2026-08-19_1787129459,2026-08-19,G,,single,alpha,,speed,1,16,attention,rest,left,0.704613,0.617627,1,,0,0.846143,0.140923,0.97619,1,16.645021,2.800151,0.385505,0.0
G_s1_alpha_single_2026-08-19_1787129459,2026-08-19,G,,single,alpha,,speed,1,17,rest,rest,left,0.0,0.5,1,,0,0.911,0.0,0.0,0,4508.430371,63.389793,0.046311,0.0
G_s1_alpha_single_2026-08-19_1787129459,2026-08-19,G,,single,alpha,,speed,1,18,attention,rest,left,0.206929,0.512869,1,,0,0.884385,0.041386,0.410256,1,46.546435,7.730837,0.150059,0.0
G_s1_alpha_single_2026-08-19_1787129459,2026-08-19,G,,single,alpha,,speed,1,19,rest,rest,left,0.017237,0.502368,1,,0,0.907575,0.003447,0.025,0,457.385026,54.949349,0.072211,0.0
G_s2_tbr_single_2026-08-19_1787131088,2026-08-19,G,,single,tbr,,speed,1,0,attention,rest,left,0.366722,0.54205,1,,0,0.874634,0.073344,0.682927,1,35.086399,10.923363,0.385108,0.0
G_s2_tbr_single_2026-08-19_1787131088,2026-08-19,G,,single,tbr,,speed,1,1,rest,rest,left,0.0,0.5,1,,0,0.864951,0.0,0.0,0,2136.222241,18.601159,0.110888,0.0
G_s2_tbr_single_2026-08-19_1787131088,2026-08-19,G,,single,tbr,,speed,1,2,attention,rest,left,0.068244,0.5,1,,0,0.889725,0.013649,0.175,1,28.671914,10.470993,0.252118,0.0
G_s2_tbr_single_2026-08-19_1787131088,2026-08-19,G,,single,tbr,,speed,1,3,rest,rest,left,0.0,0.5,1,,0,0.829051,0.0,0.0,0,21448.989168,36.061898,0.061827,0.0
G_s2_tbr_single_2026-08-19_1787131088,2026-08-19,G,,single,tbr,,speed,1,4,attention,rest,left,0.066063,0.500439,1,,0,0.814487,0.013213,0.205128,1,45.029253,9.187718,0.199841,0.0
G_s2_tbr_single_2026-08-19_1787131088,2026-08-19,G,,single,tbr,,speed,1,5,rest,rest,left,0.01194,0.5,1,,0,0.874619,0.002388,0.047619,0,68.950961,15.78403,0.198615,0.0
G_s2_tbr_single_2026-08-19_1787131088,2026-08-19,G,,single,tbr,,speed,1,6,attention,rest,left,0.062728,0.50014,1,,0,0.801595,0.012546,0.166667,1,41.870068,7.992912,0.211042,0.0
G_s2_tbr_single_2026-08-19_1787131088,2026-08-19,G,,single,tbr,,speed,1,7,rest,rest,left,0.015049,0.5,1,,0,0.84825,0.00301,0.05,0,265.104592,22.624333,0.10279,0.0
G_s2_tbr_single_2026-08-19_1787131088,2026-08-19,G,,single,tbr,,speed,1,8,attention,rest,left,0.022041,0.5,1,,0,0.866675,0.004408,0.1,1,43.095227,7.28694,0.182706,0.0
G_s2_tbr_single_2026-08-19_1787131088,2026-08-19,G,,single,tbr,,speed,1,9,rest,rest,left,0.020725,0.5,1,,0,0.809756,0.004145,0.073171,0,9414.640471,50.255965,0.067638,0.0
G_s2_tbr_single_2026-08-19_1787131088,2026-08-19,G,,single,tbr,,speed,1,10,attention,rest,left,0.082327,0.506496,1,,0,0.856366,0.016465,0.195122,1,432.467048,9.203761,0.243168,0.0
G_s2_tbr_single_2026-08-19_1787131088,2026-08-19,G,,single,tbr,,speed,1,11,rest,rest,left,0.0,0.5,1,,0,0.840333,0.0,0.0,0,144.812306,20.078287,0.077355,0.0
G_s2_tbr_single_2026-08-19_1787131088,2026-08-19,G,,single,tbr,,speed,1,12,attention,rest,left,0.030034,0.5,1,,0,0.845564,0.006007,0.128205,1,25.029744,5.300281,0.208781,0.0
G_s2_tbr_single_2026-08-19_1787131088,2026-08-19,G,,single,tbr,,speed,1,13,rest,rest,left,0.0,0.5,1,,0,0.856786,0.0,0.0,0,368.368303,27.048049,0.099308,0.0
G_s2_tbr_single_2026-08-19_1787131088,2026-08-19,G,,single,tbr,,speed,1,14,attention,rest,left,0.150366,0.505225,1,,0,0.899738,0.030073,0.380952,1,29.478528,4.753994,0.245947,0.0
G_s2_tbr_single_2026-08-19_1787131088,2026-08-19,G,,single,tbr,,speed,1,15,rest,rest,left,0.0,0.5,1,,0,0.852205,0.0,0.0,0,21785.912103,53.563174,0.059161,0.0
G_s2_tbr_single_2026-08-19_1787131088,2026-08-19,G,,single,tbr,,speed,1,16,attention,rest,left,0.315205,0.538479,1,,0,0.903154,0.063041,0.487179,1,32.109348,5.864349,0.356363,0.0
G_s2_tbr_single_2026-08-19_1787131088,2026-08-19,G,,single,tbr,,speed,1,17,rest,rest,left,0.0,0.5,1,,0,0.8599,0.0,0.0,0,175.091695,17.506419,0.112841,0.0
G_s2_tbr_single_2026-08-19_1787131088,2026-08-19,G,,single,tbr,,speed,1,18,attention,rest,left,0.312654,0.522875,1,,0,0.817333,0.062531,0.619048,1,24.302135,4.059617,0.368876,0.0
G_s2_tbr_single_2026-08-19_1787131088,2026-08-19,G,,single,tbr,,speed,1,19,rest,rest,left,0.0,0.5,1,,0,0.878513,0.0,0.0,0,414.46206,22.032463,0.065983,0.0
G_s3_alpha_single_2026-08-19_1787150186,2026-08-19,G,,single,alpha,,steering,1,0,rest,attention,left,0.824086,0.642582,-1,1,1,0.828524,,,,525.186872,8.371279,0.249465,1.0
G_s3_alpha_single_2026-08-19_1787150186,2026-08-19,G,,single,alpha,,steering,1,1,rest,rest,right,0.200024,0.503282,-1,,0,0.840762,,,,45.006328,15.921484,0.103821,0.0
G_s3_alpha_single_2026-08-19_1787150186,2026-08-19,G,,single,alpha,,steering,1,2,rest,attention,right,0.742762,0.635881,1,1,1,0.829385,,,,27.840405,4.71478,0.294813,1.0
G_s3_alpha_single_2026-08-19_1787150186,2026-08-19,G,,single,alpha,,steering,1,3,rest,rest,left,0.056806,0.5,1,,1,0.839744,,,,2241.825798,15.512172,0.093759,4.0
G_s3_alpha_single_2026-08-19_1787150186,2026-08-19,G,,single,alpha,,steering,1,4,rest,attention,left,0.580891,0.584469,-1,1,1,0.765881,,,,37.982668,6.211452,0.186111,1.0
G_s3_alpha_single_2026-08-19_1787150186,2026-08-19,G,,single,alpha,,steering,1,5,rest,rest,right,0.027261,0.5,1,,1,0.806357,,,,430.521225,22.629392,0.076026,6.0
G_s3_alpha_single_2026-08-19_1787150186,2026-08-19,G,,single,alpha,,steering,1,6,rest,attention,right,0.401118,0.560872,1,1,1,0.790436,,,,121.664966,11.169765,0.193703,1.0
G_s3_alpha_single_2026-08-19_1787150186,2026-08-19,G,,single,alpha,,steering,1,7,rest,rest,left,0.106926,0.508129,1,,1,0.803923,,,,511.437337,18.407051,0.090832,3.0
G_s3_alpha_single_2026-08-19_1787150186,2026-08-19,G,,single,alpha,,steering,1,8,rest,attention,left,0.435858,0.56585,-1,1,1,0.790628,,,,55.055885,6.521066,0.209698,2.0
G_s3_alpha_single_2026-08-19_1787150186,2026-08-19,G,,single,alpha,,steering,1,9,rest,rest,right,0.061356,0.50033,-1,,1,0.821214,,,,163.898322,12.877494,0.089906,4.0
G_s3_alpha_single_2026-08-19_1787150186,2026-08-19,G,,single,alpha,,steering,1,10,rest,attention,right,0.347821,0.5393,1,1,1,0.900231,,,,98.99731,12.030935,0.252651,1.0
G_s3_alpha_single_2026-08-19_1787150186,2026-08-19,G,,single,alpha,,steering,1,11,rest,rest,left,7e-05,0.5,-1,,1,0.883103,,,,366.290507,13.518195,0.102793,5.0
G_s3_alpha_single_2026-08-19_1787150186,2026-08-19,G,,single,alpha,,steering,1,12,rest,attention,left,0.390559,0.552261,-1,1,1,0.832976,,,,1771.967092,9.44766,0.192506,2.0
G_s3_alpha_single_2026-08-19_1787150186,2026-08-19,G,,single,alpha,,steering,1,13,rest,rest,right,0.129019,0.506544,-1,,1,0.768357,,,,1131.319997,15.133387,0.105681,6.0
G_s3_alpha_single_2026-08-19_1787150186,2026-08-19,G,,single,alpha,,steering,1,14,rest,attention,right,0.241259,0.50388,1,1,1,0.873462,,,,44.749895,6.670325,0.184027,1.0
G_s3_alpha_single_2026-08-19_1787150186,2026-08-19,G,,single,alpha,,steering,1,15,rest,rest,left,0.035116,0.5,1,,1,0.771692,,,,3127.526444,13.96471,0.100197,6.0
G_s3_alpha_single_2026-08-19_1787150186,2026-08-19,G,,single,alpha,,steering,1,16,rest,attention,left,0.14146,0.514375,-1,1,1,0.825905,,,,1189.900951,12.84387,0.162567,1.0
G_s3_alpha_single_2026-08-19_1787150186,2026-08-19,G,,single,alpha,,steering,1,17,rest,rest,right,0.067409,0.5,1,,1,0.801233,,,,6971.002729,20.360219,0.057833,7.0
G_s3_alpha_single_2026-08-19_1787150186,2026-08-19,G,,single,alpha,,steering,1,18,rest,attention,left,0.344356,0.549627,-1,1,1,0.799718,,,,32.579008,8.22157,0.193573,1.0
G_s3_alpha_single_2026-08-19_1787150186,2026-08-19,G,,single,alpha,,steering,1,19,rest,rest,right,0.00567,0.5,-1,,1,0.773821,,,,5094.875398,12.171529,0.09796,6.0
G_s4_tbr_single_2026-08-19_1787152096,2026-08-19,G,,single,tbr,,steering,1,0,rest,attention,left,0.675354,0.599621,-1,1,0,0.800846,,,,14.101994,2.666311,0.357081,0.0
G_s4_tbr_single_2026-08-19_1787152096,2026-08-19,G,,single,tbr,,steering,1,1,rest,rest,right,0.318234,0.519594,1,,1,0.831846,,,,224.1826,20.809839,0.198074,6.0
G_s4_tbr_single_2026-08-19_1787152096,2026-08-19,G,,single,tbr,,steering,1,2,rest,attention,right,0.459949,0.556017,1,0,1,0.829714,,,,44.336898,3.567571,0.283305,2.0
G_s4_tbr_single_2026-08-19_1787152096,2026-08-19,G,,single,tbr,,steering,1,3,rest,rest,left,0.0,0.5,1,,1,0.803833,,,,3765.078073,21.428565,0.091945,6.0
G_s4_tbr_single_2026-08-19_1787152096,2026-08-19,G,,single,tbr,,steering,1,4,rest,attention,left,0.438173,0.544165,-1,1,0,0.832692,,,,20.530344,3.402931,0.270734,0.0
G_s4_tbr_single_2026-08-19_1787152096,2026-08-19,G,,single,tbr,,steering,1,5,rest,rest,right,0.405093,0.519774,1,,1,0.795821,,,,29.205241,3.414184,0.221084,4.0
G_s4_tbr_single_2026-08-19_1787152096,2026-08-19,G,,single,tbr,,steering,1,6,rest,attention,right,0.259667,0.523174,1,1,1,0.832357,,,,24.999231,7.227183,0.245482,1.0
G_s4_tbr_single_2026-08-19_1787152096,2026-08-19,G,,single,tbr,,steering,1,7,rest,rest,left,0.086016,0.5,1,,1,0.859976,,,,90.814147,15.246036,0.217889,5.0
G_s4_tbr_single_2026-08-19_1787152096,2026-08-19,G,,single,tbr,,steering,1,8,rest,attention,left,0.069549,0.505287,-1,1,1,0.863744,,,,367.766501,12.58364,0.183274,2.0
G_s4_tbr_single_2026-08-19_1787152096,2026-08-19,G,,single,tbr,,steering,1,9,rest,rest,right,0.091125,0.5,-1,,1,0.815974,,,,139.026551,5.409531,0.218846,4.0
G_s4_tbr_single_2026-08-19_1787152096,2026-08-19,G,,single,tbr,,steering,1,10,rest,attention,right,0.384594,0.515041,1,0,1,0.848286,,,,883.664485,10.83081,0.302739,5.0
G_s4_tbr_single_2026-08-19_1787152096,2026-08-19,G,,single,tbr,,steering,1,11,rest,rest,left,0.068623,0.5,1,,1,0.83731,,,,51.24512,12.456693,0.15626,4.0
G_s4_tbr_single_2026-08-19_1787152096,2026-08-19,G,,single,tbr,,steering,1,12,rest,attention,left,0.368592,0.540938,-1,1,1,0.793615,,,,56.547483,3.25301,0.307191,1.0
G_s4_tbr_single_2026-08-19_1787152096,2026-08-19,G,,single,tbr,,steering,1,13,rest,rest,right,0.354801,0.518561,-1,,1,0.802974,,,,44.549001,3.96219,0.202051,2.0
G_s4_tbr_single_2026-08-19_1787152096,2026-08-19,G,,single,tbr,,steering,1,14,rest,attention,right,0.193083,0.520005,1,0,1,0.807262,,,,12754.582195,18.312469,0.201944,3.0
G_s4_tbr_single_2026-08-19_1787152096,2026-08-19,G,,single,tbr,,steering,1,15,rest,rest,left,0.17163,0.515645,-1,,1,0.793881,,,,64.059882,5.948581,0.203801,5.0
G_s4_tbr_single_2026-08-19_1787152096,2026-08-19,G,,single,tbr,,steering,1,16,rest,attention,left,0.066369,0.5,-1,1,0,0.812846,,,,153.657177,21.74022,0.170797,0.0
G_s4_tbr_single_2026-08-19_1787152096,2026-08-19,G,,single,tbr,,steering,1,17,rest,rest,right,0.096689,0.500108,1,,1,0.817231,,,,68.43823,6.204541,0.192483,3.0
G_s4_tbr_single_2026-08-19_1787152096,2026-08-19,G,,single,tbr,,steering,1,18,rest,attention,left,0.117625,0.500412,-1,0,1,0.569548,,,,106.20241,11.031587,0.174883,3.0
G_s4_tbr_single_2026-08-19_1787152096,2026-08-19,G,,single,tbr,,steering,1,19,rest,rest,right,0.261106,0.503128,1,,1,0.574786,,,,43.752403,4.079892,0.24828,4.0
G_s5_alpha_single_2026-08-20_1787212832,2026-08-20,G,,single,alpha,,steering,1,0,rest,attention,left,0.436229,0.58791,-1,1,1,0.844512,,,,90.327197,6.179756,0.188958,1.0
G_s5_alpha_single_2026-08-20_1787212832,2026-08-20,G,,single,alpha,,steering,1,1,rest,rest,right,0.010107,0.5,-1,,1,0.870077,,,,223.50073,9.954212,0.143553,4.0
G_s5_alpha_single_2026-08-20_1787212832,2026-08-20,G,,single,alpha,,steering,1,2,rest,attention,right,0.0,0.5,-1,0,1,0.794051,,,,1282.75858,19.877608,0.074805,3.0
G_s5_alpha_single_2026-08-20_1787212832,2026-08-20,G,,single,alpha,,steering,1,3,rest,rest,left,0.002584,0.5,-1,,1,0.880795,,,,1732.287541,9.699415,0.155796,4.0
G_s5_alpha_single_2026-08-20_1787212832,2026-08-20,G,,single,alpha,,steering,1,4,rest,attention,left,0.591293,0.605923,-1,1,1,0.844488,,,,29.684532,7.366429,0.17818,1.0
G_s5_alpha_single_2026-08-20_1787212832,2026-08-20,G,,single,alpha,,steering,1,5,rest,rest,right,0.556747,0.555937,-1,,1,0.827231,,,,80.163651,5.414263,0.259075,1.0
G_s5_alpha_single_2026-08-20_1787212832,2026-08-20,G,,single,alpha,,steering,1,6,rest,attention,right,0.314642,0.529073,1,1,1,0.864711,,,,44.318698,11.15197,0.197047,2.0
G_s5_alpha_single_2026-08-20_1787212832,2026-08-20,G,,single,alpha,,steering,1,7,rest,rest,left,0.108298,0.5052,1,,1,0.878077,,,,11718.244654,11.450064,0.098095,4.0
G_s5_alpha_single_2026-08-20_1787212832,2026-08-20,G,,single,alpha,,steering,1,8,rest,attention,left,0.301541,0.563779,-1,1,1,0.875714,,,,71.470041,8.53435,0.175475,1.0
G_s5_alpha_single_2026-08-20_1787212832,2026-08-20,G,,single,alpha,,steering,1,9,rest,rest,right,0.4666,0.540798,1,,1,0.874077,,,,26.767965,6.575021,0.155079,1.0
G_s5_alpha_single_2026-08-20_1787212832,2026-08-20,G,,single,alpha,,steering,1,10,rest,attention,right,0.780921,0.636021,1,1,1,0.909237,,,,47.88343,6.314006,0.205219,2.0
G_s5_alpha_single_2026-08-20_1787212832,2026-08-20,G,,single,alpha,,steering,1,11,rest,rest,left,0.177594,0.502186,-1,,1,0.84815,,,,326.481306,6.4325,0.152681,2.0
G_s5_alpha_single_2026-08-20_1787212832,2026-08-20,G,,single,alpha,,steering,1,12,rest,attention,left,0.423588,0.589354,-1,1,1,0.892,,,,69.531026,6.859241,0.191099,1.0
G_s5_alpha_single_2026-08-20_1787212832,2026-08-20,G,,single,alpha,,steering,1,13,rest,rest,right,0.314171,0.526172,1,,1,0.818128,,,,34.406952,5.712126,0.175451,2.0
G_s5_alpha_single_2026-08-20_1787212832,2026-08-20,G,,single,alpha,,steering,1,14,rest,attention,right,0.887382,0.689444,1,1,1,0.8505,,,,16.080113,6.848118,0.180722,1.0
G_s5_alpha_single_2026-08-20_1787212832,2026-08-20,G,,single,alpha,,steering,1,15,rest,rest,left,0.173623,0.50101,1,,0,0.903821,,,,36.085189,4.584928,0.175541,0.0
G_s5_alpha_single_2026-08-20_1787212832,2026-08-20,G,,single,alpha,,steering,1,16,rest,attention,left,0.528013,0.576465,-1,1,1,0.831884,,,,31.094092,10.637611,0.170572,1.0
G_s5_alpha_single_2026-08-20_1787212832,2026-08-20,G,,single,alpha,,steering,1,17,rest,rest,right,0.212602,0.507243,-1,,0,0.889,,,,35.5396,4.105897,0.203439,0.0
G_s5_alpha_single_2026-08-20_1787212832,2026-08-20,G,,single,alpha,,steering,1,18,rest,attention,left,0.803309,0.664566,-1,1,0,0.794579,,,,17.397749,4.423725,0.24461,0.0
G_s5_alpha_single_2026-08-20_1787212832,2026-08-20,G,,single,alpha,,steering,1,19,rest,rest,right,0.241011,0.501072,1,,1,0.803333,,,,1520.825692,7.274776,0.159852,2.0
G_s6_tbr_single_2026-08-20_1787215014,2026-08-20,G,,single,tbr,,steering,1,0,rest,attention,left,0.16198,0.512012,-1,1,0,0.727605,,,,26.941176,4.061621,0.264643,0.0
G_s6_tbr_single_2026-08-20_1787215014,2026-08-20,G,,single,tbr,,steering,1,1,rest,rest,right,0.269057,0.503644,-1,,1,0.78,,,,1204.888305,3.567272,0.257863,2.0
G_s6_tbr_single_2026-08-20_1787215014,2026-08-20,G,,single,tbr,,steering,1,2,rest,attention,right,0.709243,0.620576,1,1,1,0.742419,,,,11.712743,1.8552,0.442173,1.0
G_s6_tbr_single_2026-08-20_1787215014,2026-08-20,G,,single,tbr,,steering,1,3,rest,rest,left,0.221024,0.520384,-1,,1,0.767674,,,,320.915703,3.861109,0.25903,3.0
G_s6_tbr_single_2026-08-20_1787215014,2026-08-20,G,,single,tbr,,steering,1,4,rest,attention,left,0.589928,0.585483,-1,1,0,0.762949,,,,54.470016,2.19282,0.409961,0.0
G_s6_tbr_single_2026-08-20_1787215014,2026-08-20,G,,single,tbr,,steering,1,5,rest,rest,right,0.081651,0.500642,1,,1,0.76441,,,,52.570633,4.375174,0.21674,3.0
G_s6_tbr_single_2026-08-20_1787215014,2026-08-20,G,,single,tbr,,steering,1,6,rest,attention,right,0.666332,0.634477,1,1,0,0.71219,,,,84.519481,2.06015,0.425155,0.0
G_s6_tbr_single_2026-08-20_1787215014,2026-08-20,G,,single,tbr,,steering,1,7,rest,rest,left,0.071272,0.500813,1,,1,0.712395,,,,161.403876,5.596947,0.184848,3.0
G_s6_tbr_single_2026-08-20_1787215014,2026-08-20,G,,single,tbr,,steering,1,8,rest,attention,left,0.272847,0.514203,-1,0,1,0.733513,,,,62.452342,4.630549,0.291896,4.0
G_s6_tbr_single_2026-08-20_1787215014,2026-08-20,G,,single,tbr,,steering,1,9,rest,rest,right,0.104655,0.507659,-1,,1,0.752923,,,,20632.185665,6.750668,0.174326,4.0
G_s6_tbr_single_2026-08-20_1787215014,2026-08-20,G,,single,tbr,,steering,1,10,rest,attention,right,0.458283,0.581024,1,1,1,0.7095,,,,42.481055,2.733671,0.368709,1.0
G_s6_tbr_single_2026-08-20_1787215014,2026-08-20,G,,single,tbr,,steering,1,11,rest,rest,left,0.037612,0.5,-1,,1,0.801884,,,,2289.201139,72.201596,0.035572,8.0
G_s6_tbr_single_2026-08-20_1787215014,2026-08-20,G,,single,tbr,,steering,1,12,rest,attention,left,0.143704,0.510531,1,1,1,0.796949,,,,111.037219,6.880547,0.227864,1.0
G_s6_tbr_single_2026-08-20_1787215014,2026-08-20,G,,single,tbr,,steering,1,13,rest,rest,right,0.0,0.5,-1,,1,0.821103,,,,595.983892,10.870216,0.133555,5.0
G_s6_tbr_single_2026-08-20_1787215014,2026-08-20,G,,single,tbr,,steering,1,14,rest,attention,right,0.294828,0.535623,1,1,1,0.784233,,,,73.245545,3.498087,0.289594,2.0
G_s6_tbr_single_2026-08-20_1787215014,2026-08-20,G,,single,tbr,,steering,1,15,rest,rest,left,0.155129,0.531004,1,,1,0.739279,,,,536.775582,35.253197,0.152321,5.0
G_s6_tbr_single_2026-08-20_1787215014,2026-08-20,G,,single,tbr,,steering,1,16,rest,attention,left,0.101531,0.512886,1,1,1,0.791308,,,,414.540228,7.350988,0.207237,2.0
G_s6_tbr_single_2026-08-20_1787215014,2026-08-20,G,,single,tbr,,steering,1,17,rest,rest,right,0.005937,0.5,-1,,1,0.785316,,,,7821.999627,57.923588,0.213185,4.0
G_s6_tbr_single_2026-08-20_1787215014,2026-08-20,G,,single,tbr,,steering,1,18,rest,attention,left,0.846153,0.673645,-1,1,0,0.757209,,,,11.200925,1.576622,0.48964,0.0
G_s6_tbr_single_2026-08-20_1787215014,2026-08-20,G,,single,tbr,,steering,1,19,rest,rest,right,0.10266,0.506429,-1,,1,0.813767,,,,85.306534,5.228695,0.195327,2.0
G_s7_alpha_single_2026-08-20_1787215669,2026-08-20,G,,single,alpha,,speed,1,0,attention,rest,left,0.145246,0.502716,1,,0,0.799721,0.029049,0.418605,1,9.918989,1.666734,0.434352,0.0
G_s7_alpha_single_2026-08-20_1787215669,2026-08-20,G,,single,alpha,,speed,1,1,rest,rest,left,0.0,0.5,1,,0,0.811615,0.0,0.0,0,17.404526,3.116429,0.326349,0.0
G_s7_alpha_single_2026-08-20_1787215669,2026-08-20,G,,single,alpha,,speed,1,2,attention,rest,left,0.025921,0.5,1,,0,0.804447,0.005184,0.131579,1,11.996487,1.689878,0.451491,0.0
G_s7_alpha_single_2026-08-20_1787215669,2026-08-20,G,,single,alpha,,speed,1,3,rest,rest,left,0.014379,0.5,1,,0,0.794233,0.002876,0.046512,0,1566.45765,10.952259,0.185172,0.0
G_s7_alpha_single_2026-08-20_1787215669,2026-08-20,G,,single,alpha,,speed,1,4,attention,rest,left,0.011241,0.5,1,,0,0.733233,0.002248,0.046512,0,17586.535339,7.351345,0.378371,0.0
G_s7_alpha_single_2026-08-20_1787215669,2026-08-20,G,,single,alpha,,speed,1,5,rest,rest,left,0.0,0.5,1,,0,0.740184,0.0,0.0,0,8259.91129,31.313671,0.131335,0.0
G_s7_alpha_single_2026-08-20_1787215669,2026-08-20,G,,single,alpha,,speed,1,6,attention,rest,left,0.093055,0.505871,1,,0,0.849077,0.018611,0.230769,1,9.892526,2.121474,0.458249,0.0
G_s7_alpha_single_2026-08-20_1787215669,2026-08-20,G,,single,alpha,,speed,1,7,rest,rest,left,0.0,0.5,1,,0,0.792143,0.0,0.0,0,393.398776,75.203504,0.041137,0.0
G_s7_alpha_single_2026-08-20_1787215669,2026-08-20,G,,single,alpha,,speed,1,8,attention,rest,left,0.049865,0.5,1,,0,0.796953,0.009973,0.209302,1,25.015756,16.671088,0.379983,0.0
G_s7_alpha_single_2026-08-20_1787215669,2026-08-20,G,,single,alpha,,speed,1,9,rest,rest,left,0.0,0.5,1,,0,0.798538,0.0,0.0,0,81.312887,10.533756,0.163318,0.0
G_s7_alpha_single_2026-08-20_1787215669,2026-08-20,G,,single,alpha,,speed,1,10,attention,rest,left,0.105668,0.510146,1,,0,0.754615,0.021134,0.230769,1,43.140372,3.208085,0.401523,0.0
G_s7_alpha_single_2026-08-20_1787215669,2026-08-20,G,,single,alpha,,speed,1,11,rest,rest,left,0.0,0.5,1,,0,0.810442,0.0,0.0,0,6619.398091,15.803732,0.14955,0.0
G_s7_alpha_single_2026-08-20_1787215669,2026-08-20,G,,single,alpha,,speed,1,12,attention,rest,left,0.056902,0.500531,1,,0,0.765907,0.01138,0.186047,1,10.530004,1.696882,0.540433,0.0
G_s7_alpha_single_2026-08-20_1787215669,2026-08-20,G,,single,alpha,,speed,1,13,rest,rest,left,0.0,0.5,1,,0,0.851051,0.0,0.0,0,144045.765322,15.382183,0.114087,0.0
G_s7_alpha_single_2026-08-20_1787215669,2026-08-20,G,,single,alpha,,speed,1,14,attention,rest,left,0.0,0.5,1,,0,0.807769,0.0,0.0,0,41.128171,1.370679,0.543196,0.0
G_s7_alpha_single_2026-08-20_1787215669,2026-08-20,G,,single,alpha,,speed,1,15,rest,rest,left,0.0,0.5,1,,0,0.731233,0.0,0.0,0,973.567933,17.895123,0.092446,0.0
G_s7_alpha_single_2026-08-20_1787215669,2026-08-20,G,,single,alpha,,speed,1,16,attention,rest,left,0.195604,0.504757,1,,0,0.79219,0.039121,0.5,1,9.77886,1.453143,0.56557,0.0
G_s7_alpha_single_2026-08-20_1787215669,2026-08-20,G,,single,alpha,,speed,1,17,rest,rest,left,0.0,0.5,1,,0,0.772237,0.0,0.0,0,2156.999275,11.613525,0.119706,0.0
G_s7_alpha_single_2026-08-20_1787215669,2026-08-20,G,,single,alpha,,speed,1,18,attention,rest,left,0.017242,0.5,1,,0,0.750282,0.003448,0.076923,0,12.565447,1.190964,0.656149,0.0
G_s7_alpha_single_2026-08-20_1787215669,2026-08-20,G,,single,alpha,,speed,1,19,rest,rest,left,0.0,0.5,1,,0,0.750636,0.0,0.0,0,695.894917,20.441126,0.088969,0.0
G_s8_tbr_single_2026-08-20_1787216516,2026-08-20,G,,single,tbr,,speed,1,0,attention,rest,left,0.190925,0.511298,1,,0,0.786026,0.038185,0.461538,1,10.898042,1.786523,0.460011,0.0
G_s8_tbr_single_2026-08-20_1787216516,2026-08-20,G,,single,tbr,,speed,1,1,rest,rest,left,0.0,0.5,1,,0,0.819487,0.0,0.0,0,2184.681232,14.854245,0.141961,0.0
G_s8_tbr_single_2026-08-20_1787216516,2026-08-20,G,,single,tbr,,speed,1,2,attention,rest,left,0.08271,0.504268,1,,0,0.772186,0.016542,0.232558,1,45.721398,7.81896,0.385895,0.0
G_s8_tbr_single_2026-08-20_1787216516,2026-08-20,G,,single,tbr,,speed,1,3,rest,rest,left,0.0,0.5,1,,0,0.789326,0.0,0.0,0,1084.02701,10.02709,0.172211,0.0
G_s8_tbr_single_2026-08-20_1787216516,2026-08-20,G,,single,tbr,,speed,1,4,attention,rest,left,0.176726,0.50227,1,,0,0.739974,0.035345,0.461538,1,10.83993,1.83792,0.454532,0.0
G_s8_tbr_single_2026-08-20_1787216516,2026-08-20,G,,single,tbr,,speed,1,5,rest,rest,left,0.025018,0.5,1,,0,0.791868,0.005004,0.052632,0,244.391303,25.877342,0.11164,0.0
G_s8_tbr_single_2026-08-20_1787216516,2026-08-20,G,,single,tbr,,speed,1,6,attention,rest,left,0.060701,0.500239,1,,0,0.760209,0.01214,0.232558,1,215.319372,9.908243,0.338324,0.0
G_s8_tbr_single_2026-08-20_1787216516,2026-08-20,G,,single,tbr,,speed,1,7,rest,rest,left,0.0,0.5,1,,0,0.783186,0.0,0.0,0,1008.182828,12.716491,0.116042,0.0
G_s8_tbr_single_2026-08-20_1787216516,2026-08-20,G,,single,tbr,,speed,1,8,attention,rest,left,0.170519,0.508826,1,,0,0.784359,0.034104,0.461538,1,44.805563,3.546626,0.403373,0.0
G_s8_tbr_single_2026-08-20_1787216516,2026-08-20,G,,single,tbr,,speed,1,9,rest,rest,left,0.0,0.5,1,,0,0.699395,0.0,0.0,0,7265.217303,17.260786,0.150148,0.0
G_s8_tbr_single_2026-08-20_1787216516,2026-08-20,G,,single,tbr,,speed,1,10,attention,rest,left,0.707275,0.673873,1,,0,0.731884,0.141455,0.72093,1,100.972625,3.63384,1.630902,0.0
G_s8_tbr_single_2026-08-20_1787216516,2026-08-20,G,,single,tbr,,speed,1,11,rest,rest,left,0.0,0.5,1,,0,0.820429,0.0,0.0,0,122716.684467,29.94309,0.049606,0.0
G_s8_tbr_single_2026-08-20_1787216516,2026-08-20,G,,single,tbr,,speed,1,12,attention,rest,left,0.487399,0.606087,1,,0,0.729205,0.09748,0.564103,1,70.842165,1.811796,0.41932,0.0
G_s8_tbr_single_2026-08-20_1787216516,2026-08-20,G,,single,tbr,,speed,1,13,rest,rest,left,0.0,0.5,1,,0,0.753368,0.0,0.0,0,1253.464345,13.947417,0.146627,0.0
G_s8_tbr_single_2026-08-20_1787216516,2026-08-20,G,,single,tbr,,speed,1,14,attention,rest,left,0.599895,0.647312,1,,0,0.758791,0.119979,0.627907,1,835.264312,3.409318,2.940103,0.0
G_s8_tbr_single_2026-08-20_1787216516,2026-08-20,G,,single,tbr,,speed,1,15,rest,rest,left,0.0,0.5,1,,0,0.832619,0.0,0.0,0,420.972641,78.908685,0.086521,0.0
G_s8_tbr_single_2026-08-20_1787216516,2026-08-20,G,,single,tbr,,speed,1,16,attention,rest,left,0.755421,0.679215,1,,0,0.751947,0.151084,0.815789,1,106.770605,0.644295,0.5652,0.0
G_s8_tbr_single_2026-08-20_1787216516,2026-08-20,G,,single,tbr,,speed,1,17,rest,rest,left,0.0,0.5,1,,0,0.827744,0.0,0.0,0,2393.020457,35.257242,0.091565,0.0
G_s8_tbr_single_2026-08-20_1787216516,2026-08-20,G,,single,tbr,,speed,1,18,attention,rest,left,0.708103,0.667431,1,,0,0.746907,0.141621,0.767442,1,4615.099207,1.002724,2.769144,0.0
G_s8_tbr_single_2026-08-20_1787216516,2026-08-20,G,,single,tbr,,speed,1,19,rest,rest,left,0.0,0.5,1,,0,0.753302,0.0,0.0,0,2387.449202,26.847833,0.062002,0.0
W_G_s1_alpha_dual_2026-08-23_1787472417,2026-08-23,W,G,dual,alpha,,steering/speed,1,0,attention,attention,left,0.144247,0.510433,1,0,1,0.785952,0.0,0.0,0,315.605014,6.496824,0.353905,4.0
W_G_s1_alpha_dual_2026-08-23_1787472417,2026-08-23,W,G,dual,alpha,,steering/speed,1,1,attention,rest,left,0.0,0.5,1,,1,0.774785,0.0,0.0,0,336.480077,12.487482,0.253643,3.0
W_G_s1_alpha_dual_2026-08-23_1787472417,2026-08-23,W,G,dual,alpha,,steering/speed,1,2,rest,attention,right,0.166821,0.529276,1,0,1,0.75091,0.0,0.0,0,1426.489882,11.378958,0.298065,1.0
W_G_s1_alpha_dual_2026-08-23_1787472417,2026-08-23,W,G,dual,alpha,,steering/speed,1,3,attention,rest,right,0.0,0.5,1,,1,0.784927,0.0,0.0,0,1541.141473,11.275478,0.288592,5.0
W_G_s1_alpha_dual_2026-08-23_1787472417,2026-08-23,W,G,dual,alpha,,steering/speed,1,4,rest,rest,left,0.0,0.5,1,,1,0.767892,0.0,0.0,0,3333.43621,20.599328,0.145181,4.0
W_G_s1_alpha_dual_2026-08-23_1787472417,2026-08-23,W,G,dual,alpha,,steering/speed,1,5,attention,attention,right,0.216611,0.527561,1,0,1,0.767165,0.004833,0.075,0,39.584456,3.992008,0.443612,1.0
W_G_s1_alpha_dual_2026-08-23_1787472417,2026-08-23,W,G,dual,alpha,,steering/speed,1,6,attention,attention,left,0.020339,0.500283,1,0,1,0.796819,0.008039,0.095238,0,3095.23228,12.339118,0.343464,5.0
W_G_s1_alpha_dual_2026-08-23_1787472417,2026-08-23,W,G,dual,alpha,,steering/speed,1,7,rest,attention,left,0.019416,0.500265,1,0,1,0.801244,0.0,0.0,0,7788.575557,25.187956,0.140093,2.0
W_G_s1_alpha_dual_2026-08-23_1787472417,2026-08-23,W,G,dual,alpha,,steering/speed,1,8,attention,rest,right,0.052847,0.508129,1,,1,0.774582,0.02141,0.179487,1,75.458408,10.287543,0.363738,1.0
W_G_s1_alpha_dual_2026-08-23_1787472417,2026-08-23,W,G,dual,alpha,,steering/speed,1,9,attention,rest,left,0.027772,0.5,1,,1,0.772165,0.011251,0.153846,1,2211.700609,34.628107,0.254067,5.0
W_G_s1_alpha_dual_2026-08-23_1787472417,2026-08-23,W,G,dual,alpha,,steering/speed,1,10,attention,attention,left,0.159803,0.508953,-1,0,0,0.779566,0.0,0.0,0,70.691312,4.557652,0.365943,0.0
W_G_s1_alpha_dual_2026-08-23_1787472417,2026-08-23,W,G,dual,alpha,,steering/speed,1,11,attention,attention,right,0.248969,0.521756,1,0,1,0.725084,0.064199,0.634146,1,57.423015,13.467905,0.338348,3.0
W_G_s1_alpha_dual_2026-08-23_1787472417,2026-08-23,W,G,dual,alpha,,steering/speed,1,12,rest,attention,right,0.055318,0.500076,1,0,1,0.776367,0.0,0.0,0,98.153865,4.970494,0.245054,2.0
W_G_s1_alpha_dual_2026-08-23_1787472417,2026-08-23,W,G,dual,alpha,,steering/speed,1,13,rest,rest,right,0.028312,0.5,1,,1,0.786038,0.004045,0.05,0,256.510871,8.367698,0.232772,4.0
W_G_s1_alpha_dual_2026-08-23_1787472417,2026-08-23,W,G,dual,alpha,,steering/speed,1,14,attention,rest,right,0.146784,0.521687,1,,1,0.767361,0.058011,0.47619,1,54.552106,9.291219,0.341842,2.0
W_G_s1_alpha_dual_2026-08-23_1787472417,2026-08-23,W,G,dual,alpha,,steering/speed,1,15,attention,rest,left,0.241655,0.539014,1,,1,0.706205,0.09079,0.642857,1,158.046081,6.051433,0.352945,1.0
W_G_s1_alpha_dual_2026-08-23_1787472417,2026-08-23,W,G,dual,alpha,,steering/speed,1,16,rest,rest,right,0.028478,0.502372,1,,1,0.702119,0.011391,0.142857,1,2232.158186,25.29153,0.144853,6.0
W_G_s1_alpha_dual_2026-08-23_1787472417,2026-08-23,W,G,dual,alpha,,steering/speed,1,17,attention,attention,right,0.210523,0.545216,1,0,1,0.773081,0.082896,0.486486,1,65.057771,9.328196,0.459562,1.0
W_G_s1_alpha_dual_2026-08-23_1787472417,2026-08-23,W,G,dual,alpha,,steering/speed,1,18,rest,attention,left,0.137215,0.507905,1,0,1,0.692512,0.0,0.0,0,735.650287,6.658062,0.242521,1.0
W_G_s1_alpha_dual_2026-08-23_1787472417,2026-08-23,W,G,dual,alpha,,steering/speed,1,19,rest,rest,left,0.015953,0.5,1,,1,0.531049,0.0,0.0,0,3919.551918,27.800929,0.074085,7.0
W_G_s2_tbr_dual_2026-08-23_1787473771,2026-08-23,W,G,dual,tbr,,steering/speed,1,0,rest,attention,right,0.25247,0.537335,1,0,1,0.753165,0.0,0.0,0,453.502246,21.778347,0.253585,2.0
W_G_s2_tbr_dual_2026-08-23_1787473771,2026-08-23,W,G,dual,tbr,,steering/speed,1,1,rest,attention,left,0.38856,0.555137,1,0,1,0.755,0.001075,0.025641,0,49.626401,2.717821,0.395338,2.0
W_G_s2_tbr_dual_2026-08-23_1787473771,2026-08-23,W,G,dual,tbr,,steering/speed,1,2,attention,attention,left,0.367002,0.577567,-1,0,0,0.730083,7e-06,0.0,0,45.036465,6.612567,0.34175,0.0
W_G_s2_tbr_dual_2026-08-23_1787473771,2026-08-23,W,G,dual,tbr,,steering/speed,1,3,rest,attention,left,0.016469,0.500918,1,0,1,0.776928,0.0,0.0,0,679.995982,10.624338,0.190373,4.0
W_G_s2_tbr_dual_2026-08-23_1787473771,2026-08-23,W,G,dual,tbr,,steering/speed,1,4,attention,attention,right,0.0,0.5,1,0,1,0.735641,0.0,0.0,0,18350.150505,24.601958,0.15956,5.0
W_G_s2_tbr_dual_2026-08-23_1787473771,2026-08-23,W,G,dual,tbr,,steering/speed,1,5,attention,rest,left,0.007156,0.5,1,,1,0.789282,0.00062,0.0,0,68.951187,7.83969,0.203627,3.0
W_G_s2_tbr_dual_2026-08-23_1787473771,2026-08-23,W,G,dual,tbr,,steering/speed,1,6,attention,rest,left,0.049505,0.500229,1,,1,0.726169,0.020043,0.341463,1,1327.684847,25.485384,0.222518,5.0
W_G_s2_tbr_dual_2026-08-23_1787473771,2026-08-23,W,G,dual,tbr,,steering/speed,1,7,attention,rest,right,0.056576,0.506923,1,,1,0.784699,0.0,0.0,0,68.431804,3.896971,0.277079,3.0
W_G_s2_tbr_dual_2026-08-23_1787473771,2026-08-23,W,G,dual,tbr,,steering/speed,1,8,attention,attention,right,0.012539,0.5,1,0,1,0.742304,0.00508,0.102564,1,515.052892,9.959388,0.226241,1.0
W_G_s2_tbr_dual_2026-08-23_1787473771,2026-08-23,W,G,dual,tbr,,steering/speed,1,9,attention,rest,right,0.010326,0.5,1,,1,0.775392,0.004183,0.051282,0,643.161723,35.349066,0.215544,3.0
W_G_s2_tbr_dual_2026-08-23_1787473771,2026-08-23,W,G,dual,tbr,,steering/speed,1,10,rest,attention,right,0.261698,0.528039,1,0,1,0.766325,0.012011,0.121951,1,7317.414374,7.721024,0.239654,3.0
W_G_s2_tbr_dual_2026-08-23_1787473771,2026-08-23,W,G,dual,tbr,,steering/speed,1,11,attention,attention,left,0.065331,0.506392,1,0,1,0.726482,0.025665,0.268293,1,1345.937192,7.695421,0.303959,5.0
W_G_s2_tbr_dual_2026-08-23_1787473771,2026-08-23,W,G,dual,tbr,,steering/speed,1,12,rest,rest,right,0.0,0.5,1,,1,0.584797,0.0,0.0,0,3866.44823,25.78636,0.110988,4.0
W_G_s2_tbr_dual_2026-08-23_1787473771,2026-08-23,W,G,dual,tbr,,steering/speed,1,13,attention,attention,left,0.177617,0.509246,1,0,1,0.71457,0.027222,0.358974,1,1063.540549,4.807971,0.385135,4.0
W_G_s2_tbr_dual_2026-08-23_1787473771,2026-08-23,W,G,dual,tbr,,steering/speed,1,14,attention,rest,right,0.146099,0.510358,1,,1,0.605169,0.059152,0.609756,1,792.617886,14.914606,0.312618,4.0
W_G_s2_tbr_dual_2026-08-23_1787473771,2026-08-23,W,G,dual,tbr,,steering/speed,1,15,rest,rest,left,0.0,0.5,1,,1,0.671723,0.0,0.0,0,1083.075042,28.25595,0.093646,3.0
W_G_s2_tbr_dual_2026-08-23_1787473771,2026-08-23,W,G,dual,tbr,,steering/speed,1,16,attention,rest,left,0.105617,0.509881,1,,1,0.55162,0.041719,0.4,1,4328.414999,17.927398,0.251824,1.0
W_G_s2_tbr_dual_2026-08-23_1787473771,2026-08-23,W,G,dual,tbr,,steering/speed,1,17,rest,rest,left,0.05271,0.510637,1,,1,0.693468,0.0,0.0,0,849.792384,18.961037,0.207798,3.0
W_G_s2_tbr_dual_2026-08-23_1787473771,2026-08-23,W,G,dual,tbr,,steering/speed,1,18,attention,attention,right,0.281758,0.535973,1,1,0,0.605438,0.036905,0.475,1,1581.106403,3.735425,0.356026,0.0
W_G_s2_tbr_dual_2026-08-23_1787473771,2026-08-23,W,G,dual,tbr,,steering/speed,1,19,rest,rest,right,0.009964,0.5,1,,1,0.607952,0.0,0.0,0,24629.10746,31.738284,0.064543,6.0
W_s10_alpha_single_2026-08-18_1787048651,2026-08-18,W,,single,alpha,,speed,1,0,attention,rest,left,0.0,0.5,1,,0,0.738425,0.0,0.0,0,3213.33888,1.597841,0.58924,0.0
W_s10_alpha_single_2026-08-18_1787048651,2026-08-18,W,,single,alpha,,speed,1,1,rest,rest,left,0.037814,0.500697,1,,0,0.815725,0.007563,0.075,0,1780.888446,5.175738,0.336301,0.0
W_s10_alpha_single_2026-08-18_1787048651,2026-08-18,W,,single,alpha,,speed,1,2,attention,rest,left,0.0,0.5,1,,0,0.762951,0.0,0.0,0,4715.974983,2.160115,0.815701,0.0
W_s10_alpha_single_2026-08-18_1787048651,2026-08-18,W,,single,alpha,,speed,1,3,rest,rest,left,0.0,0.5,1,,0,0.7985,0.0,0.0,0,46973.160494,12.342156,0.36952,0.0
W_s10_alpha_single_2026-08-18_1787048651,2026-08-18,W,,single,alpha,,speed,1,4,attention,rest,left,0.330589,0.538193,1,,0,0.740525,0.066118,0.55,1,102.974057,2.161105,0.668513,0.0
W_s10_alpha_single_2026-08-18_1787048651,2026-08-18,W,,single,alpha,,speed,1,5,rest,rest,left,0.018713,0.5,1,,0,0.759951,0.003743,0.04878,0,391.889181,3.458153,0.354998,0.0
W_s10_alpha_single_2026-08-18_1787048651,2026-08-18,W,,single,alpha,,speed,1,6,attention,rest,left,0.562373,0.606262,1,,0,0.825075,0.112475,0.75,1,424.163593,0.969334,0.874923,0.0
W_s10_alpha_single_2026-08-18_1787048651,2026-08-18,W,,single,alpha,,speed,1,7,rest,rest,left,0.0,0.5,1,,0,0.855829,0.0,0.0,0,1603.172283,6.225864,0.17893,0.0
W_s10_alpha_single_2026-08-18_1787048651,2026-08-18,W,,single,alpha,,speed,1,8,attention,rest,left,0.585852,0.61731,1,,0,0.76175,0.11717,0.725,1,25.46693,1.442582,0.482152,0.0
W_s10_alpha_single_2026-08-18_1787048651,2026-08-18,W,,single,alpha,,speed,1,9,rest,rest,left,0.0,0.5,1,,0,0.75261,0.0,0.0,0,558.692913,4.868256,0.427886,0.0
W_s10_alpha_single_2026-08-18_1787048651,2026-08-18,W,,single,alpha,,speed,1,10,attention,rest,left,0.713642,0.645661,1,,0,0.775878,0.142728,0.853659,1,80.808292,1.230796,0.739793,0.0
W_s10_alpha_single_2026-08-18_1787048651,2026-08-18,W,,single,alpha,,speed,1,11,rest,rest,left,0.0,0.5,1,,0,0.750585,0.0,0.0,0,81021.211658,6.522911,0.390927,0.0
W_s10_alpha_single_2026-08-18_1787048651,2026-08-18,W,,single,alpha,,speed,1,12,attention,rest,left,0.608038,0.560743,1,,0,0.7489,0.121608,1.0,1,21.302052,2.080722,0.45487,0.0
W_s10_alpha_single_2026-08-18_1787048651,2026-08-18,W,,single,alpha,,speed,1,13,rest,rest,left,0.0,0.5,1,,0,0.73765,0.0,0.0,0,314.702142,8.00032,0.232839,0.0
W_s10_alpha_single_2026-08-18_1787048651,2026-08-18,W,,single,alpha,,speed,1,14,attention,rest,left,0.573028,0.611848,1,,0,0.733525,0.114606,0.725,1,41.204328,3.391513,0.406429,0.0
W_s10_alpha_single_2026-08-18_1787048651,2026-08-18,W,,single,alpha,,speed,1,15,rest,rest,left,0.0,0.5,1,,0,0.756075,0.0,0.0,0,295.345546,5.201537,0.652898,0.0
W_s10_alpha_single_2026-08-18_1787048651,2026-08-18,W,,single,alpha,,speed,1,16,attention,rest,left,0.457054,0.535909,1,,0,0.68015,0.091411,0.825,1,30.535338,2.617651,0.379528,0.0
W_s10_alpha_single_2026-08-18_1787048651,2026-08-18,W,,single,alpha,,speed,1,17,rest,rest,left,0.016455,0.5,1,,0,0.743025,0.003291,0.05,0,168.974469,3.527286,0.404767,0.0
W_s10_alpha_single_2026-08-18_1787048651,2026-08-18,W,,single,alpha,,speed,1,18,attention,rest,left,0.403871,0.574898,1,,0,0.712525,0.080774,0.525,1,3374.962631,1.345068,0.605125,0.0
W_s10_alpha_single_2026-08-18_1787048651,2026-08-18,W,,single,alpha,,speed,1,19,rest,rest,left,0.013125,0.5,1,,0,0.735488,0.002625,0.04878,0,426.889655,7.029063,0.264105,0.0
W_s11_tbr_single_2026-08-18_1787049699,2026-08-18,W,,single,tbr,,speed,1,0,attention,rest,left,0.261394,0.530985,1,,0,0.720659,0.052279,0.512195,1,50.010659,2.147822,0.737604,0.0
W_s11_tbr_single_2026-08-18_1787049699,2026-08-18,W,,single,tbr,,speed,1,1,rest,rest,left,0.008541,0.5,1,,0,0.76485,0.001708,0.05,0,591535.307824,6.137691,0.233035,0.0
W_s11_tbr_single_2026-08-18_1787049699,2026-08-18,W,,single,tbr,,speed,1,2,attention,rest,left,0.287319,0.511572,1,,0,0.68555,0.057464,0.725,1,90.246946,1.919239,0.488565,0.0
W_s11_tbr_single_2026-08-18_1787049699,2026-08-18,W,,single,tbr,,speed,1,3,rest,rest,left,0.130762,0.504892,1,,0,0.71239,0.026152,0.292683,1,8369.356478,3.835911,0.600893,0.0
W_s11_tbr_single_2026-08-18_1787049699,2026-08-18,W,,single,tbr,,speed,1,4,attention,rest,left,0.057186,0.505128,1,,0,0.718725,0.011437,0.1,1,747.642405,25.617318,0.429811,0.0
W_s11_tbr_single_2026-08-18_1787049699,2026-08-18,W,,single,tbr,,speed,1,5,rest,rest,left,0.000483,0.5,1,,0,0.746561,9.7e-05,0.0,0,2301.54588,11.228928,0.170597,0.0
W_s11_tbr_single_2026-08-18_1787049699,2026-08-18,W,,single,tbr,,speed,1,6,attention,rest,left,0.327107,0.537445,1,,0,0.723146,0.065421,0.658537,1,11530.291997,1.952111,0.567006,0.0
W_s11_tbr_single_2026-08-18_1787049699,2026-08-18,W,,single,tbr,,speed,1,7,rest,rest,left,0.0012,0.5,1,,0,0.74665,0.00024,0.0,0,337.496256,6.202931,0.251557,0.0
W_s11_tbr_single_2026-08-18_1787049699,2026-08-18,W,,single,tbr,,speed,1,8,attention,rest,left,0.513502,0.55008,1,,0,0.705825,0.1027,0.9,1,131.10705,1.413652,0.655149,0.0
W_s11_tbr_single_2026-08-18_1787049699,2026-08-18,W,,single,tbr,,speed,1,9,rest,rest,left,0.092064,0.503206,1,,0,0.822325,0.018413,0.225,1,19398.998535,4.466543,0.589109,0.0
W_s11_tbr_single_2026-08-18_1787049699,2026-08-18,W,,single,tbr,,speed,1,10,attention,rest,left,0.416531,0.530564,1,,0,0.692146,0.083306,0.756098,1,29922.971041,3.013577,0.765089,0.0
W_s11_tbr_single_2026-08-18_1787049699,2026-08-18,W,,single,tbr,,speed,1,11,rest,rest,left,0.000973,0.5,1,,0,0.71895,0.000195,0.0,0,10247.8603,8.279161,0.195941,0.0
W_s11_tbr_single_2026-08-18_1787049699,2026-08-18,W,,single,tbr,,speed,1,12,attention,rest,left,0.387302,0.525628,1,,0,0.69161,0.07746,0.780488,1,63.675028,1.66529,0.494218,0.0
W_s11_tbr_single_2026-08-18_1787049699,2026-08-18,W,,single,tbr,,speed,1,13,rest,rest,left,0.049916,0.504908,1,,0,0.74015,0.009983,0.1,1,288781.112254,7.091093,0.495484,0.0
W_s11_tbr_single_2026-08-18_1787049699,2026-08-18,W,,single,tbr,,speed,1,14,attention,rest,left,0.426838,0.536342,1,,0,0.7302,0.085368,0.875,1,1135.416539,1.584571,0.810142,0.0
W_s11_tbr_single_2026-08-18_1787049699,2026-08-18,W,,single,tbr,,speed,1,15,rest,rest,left,0.001083,0.5,1,,0,0.737125,0.000217,0.0,0,37045.996667,7.892833,0.318832,0.0
W_s11_tbr_single_2026-08-18_1787049699,2026-08-18,W,,single,tbr,,speed,1,16,attention,rest,left,0.276457,0.506184,1,,0,0.697775,0.055291,0.775,1,4438.907336,1.849958,0.461218,0.0
W_s11_tbr_single_2026-08-18_1787049699,2026-08-18,W,,single,tbr,,speed,1,17,rest,rest,left,0.0,0.5,1,,0,0.737585,0.0,0.0,0,1176.719503,11.767198,0.134496,0.0
W_s11_tbr_single_2026-08-18_1787049699,2026-08-18,W,,single,tbr,,speed,1,18,attention,rest,left,0.276304,0.511986,1,,0,0.7448,0.055261,0.725,1,55.236503,1.951207,0.460292,0.0
W_s11_tbr_single_2026-08-18_1787049699,2026-08-18,W,,single,tbr,,speed,1,19,rest,rest,left,0.004676,0.5,1,,0,0.793625,0.000935,0.025,0,1494.329371,4.945334,0.486364,0.0
W_s12_ei_single_2026-08-18_1787050398,2026-08-18,W,,single,ei,,speed,1,0,attention,rest,left,0.147008,0.52439,1,,0,0.674073,0.029402,0.341463,1,20.71311,2.607199,0.54199,0.0
W_s12_ei_single_2026-08-18_1787050398,2026-08-18,W,,single,ei,,speed,1,1,rest,rest,left,0.054373,0.504898,1,,0,0.747925,0.010875,0.1,1,20745.646004,7.724334,0.251665,0.0
W_s12_ei_single_2026-08-18_1787050398,2026-08-18,W,,single,ei,,speed,1,2,attention,rest,left,0.613405,0.633545,1,,0,0.6943,0.122681,0.75,1,9166.626703,1.561733,0.836274,0.0
W_s12_ei_single_2026-08-18_1787050398,2026-08-18,W,,single,ei,,speed,1,3,rest,rest,left,0.014315,0.5,1,,0,0.749475,0.002863,0.05,0,693.946647,5.938832,0.274499,0.0
W_s12_ei_single_2026-08-18_1787050398,2026-08-18,W,,single,ei,,speed,1,4,attention,rest,left,0.659067,0.653454,1,,0,0.703875,0.131813,0.725,1,37.295538,1.222817,1.096972,0.0
W_s12_ei_single_2026-08-18_1787050398,2026-08-18,W,,single,ei,,speed,1,5,rest,rest,left,0.025386,0.5,1,,0,0.764925,0.005077,0.075,0,2058.935397,4.852225,0.311224,0.0
W_s12_ei_single_2026-08-18_1787050398,2026-08-18,W,,single,ei,,speed,1,6,attention,rest,left,0.041053,0.5,1,,0,0.763025,0.008211,0.175,1,57.627706,2.318895,0.378959,0.0
W_s12_ei_single_2026-08-18_1787050398,2026-08-18,W,,single,ei,,speed,1,7,rest,rest,left,0.0,0.5,1,,0,0.774439,0.0,0.0,0,336.70216,10.062021,0.215572,0.0
W_s12_ei_single_2026-08-18_1787050398,2026-08-18,W,,single,ei,,speed,1,8,attention,rest,left,0.094892,0.50718,1,,0,0.85065,0.018978,0.225,1,14.381514,2.340352,0.40062,0.0
W_s12_ei_single_2026-08-18_1787050398,2026-08-18,W,,single,ei,,speed,1,9,rest,rest,left,0.015952,0.5,1,,0,0.787875,0.00319,0.075,0,689.451713,4.396636,0.297253,0.0
W_s12_ei_single_2026-08-18_1787050398,2026-08-18,W,,single,ei,,speed,1,10,attention,rest,left,0.072733,0.5,1,,0,0.770475,0.014547,0.35,1,13.858164,1.785318,0.42742,0.0
W_s12_ei_single_2026-08-18_1787050398,2026-08-18,W,,single,ei,,speed,1,11,rest,rest,left,0.18774,0.534475,1,,0,0.810775,0.037548,0.275,1,1382.180358,5.25902,0.391917,0.0
W_s12_ei_single_2026-08-18_1787050398,2026-08-18,W,,single,ei,,speed,1,12,attention,rest,left,0.53066,0.623171,1,,0,0.7074,0.106132,0.6,1,24.74287,2.854336,0.789932,0.0
W_s12_ei_single_2026-08-18_1787050398,2026-08-18,W,,single,ei,,speed,1,13,rest,rest,left,0.073159,0.508151,1,,0,0.729829,0.014632,0.170732,1,228.323154,5.948781,0.311262,0.0
W_s12_ei_single_2026-08-18_1787050398,2026-08-18,W,,single,ei,,speed,1,14,attention,rest,left,0.34535,0.529254,1,,0,0.71695,0.06907,0.85,1,15.54752,1.453234,0.534174,0.0
W_s12_ei_single_2026-08-18_1787050398,2026-08-18,W,,single,ei,,speed,1,15,rest,rest,left,0.002927,0.5,1,,0,0.786725,0.000585,0.025,0,48.039578,5.719249,0.258685,0.0
W_s12_ei_single_2026-08-18_1787050398,2026-08-18,W,,single,ei,,speed,1,16,attention,rest,left,0.107141,0.501115,1,,0,0.7448,0.021428,0.35,1,25.619011,2.176451,0.42147,0.0
W_s12_ei_single_2026-08-18_1787050398,2026-08-18,W,,single,ei,,speed,1,17,rest,rest,left,0.00773,0.5,1,,0,0.813902,0.001546,0.02439,0,44.701916,3.876196,0.278283,0.0
W_s12_ei_single_2026-08-18_1787050398,2026-08-18,W,,single,ei,,speed,1,18,attention,rest,left,0.144405,0.502374,1,,0,0.751425,0.028881,0.425,1,62.983195,3.612755,0.437533,0.0
W_s12_ei_single_2026-08-18_1787050398,2026-08-18,W,,single,ei,,speed,1,19,rest,rest,left,0.185528,0.522709,1,,0,0.760707,0.037106,0.317073,1,28.329216,2.89822,0.459358,0.0
W_s13_tbr_single_2026-08-18_1787071143,2026-08-18,W,,single,tbr,,steering,1,0,rest,attention,left,0.903562,0.67146,-1,1,1,0.79085,,,,5304.102649,1.755137,0.557095,1.0
W_s13_tbr_single_2026-08-18_1787071143,2026-08-18,W,,single,tbr,,steering,1,1,rest,rest,right,0.949021,0.599325,-1,,1,0.810775,,,,327.015528,1.445161,0.810816,4.0
W_s13_tbr_single_2026-08-18_1787071143,2026-08-18,W,,single,tbr,,steering,1,2,rest,attention,right,0.483467,0.577154,1,1,1,0.79185,,,,1812650.739932,7.839905,0.52847,1.0
W_s13_tbr_single_2026-08-18_1787071143,2026-08-18,W,,single,tbr,,steering,1,3,rest,rest,left,0.750981,0.573769,-1,,1,0.842075,,,,1040951.586462,2.467417,0.376533,3.0
W_s13_tbr_single_2026-08-18_1787071143,2026-08-18,W,,single,tbr,,steering,1,4,rest,attention,left,0.653295,0.608832,-1,1,1,0.763585,,,,3439.787976,3.208544,0.340954,2.0
W_s13_tbr_single_2026-08-18_1787071143,2026-08-18,W,,single,tbr,,steering,1,5,rest,rest,right,0.448565,0.512079,1,,1,0.79675,,,,111.882525,3.643884,0.233741,3.0
W_s13_tbr_single_2026-08-18_1787071143,2026-08-18,W,,single,tbr,,steering,1,6,rest,attention,right,0.798719,0.638819,1,1,0,0.760513,,,,242.635596,2.29063,1.090546,0.0
W_s13_tbr_single_2026-08-18_1787071143,2026-08-18,W,,single,tbr,,steering,1,7,rest,rest,left,0.799301,0.571048,1,,1,0.7653,,,,305.53286,2.811723,0.660799,3.0
W_s13_tbr_single_2026-08-18_1787071143,2026-08-18,W,,single,tbr,,steering,1,8,rest,attention,left,0.977306,0.68475,1,0,1,0.752439,,,,3714.174451,1.399877,0.723784,1.0
W_s13_tbr_single_2026-08-18_1787071143,2026-08-18,W,,single,tbr,,steering,1,9,rest,rest,right,0.602072,0.541627,1,,1,0.76022,,,,93.106964,3.766718,0.296768,4.0
W_s13_tbr_single_2026-08-18_1787071143,2026-08-18,W,,single,tbr,,steering,1,10,rest,attention,right,0.81532,0.643283,1,1,0,0.7773,,,,71595.242806,2.063943,0.702239,0.0
W_s13_tbr_single_2026-08-18_1787071143,2026-08-18,W,,single,tbr,,steering,1,11,rest,rest,left,0.718843,0.55647,-1,,1,0.82105,,,,451.306048,3.341336,0.339106,3.0
W_s13_tbr_single_2026-08-18_1787071143,2026-08-18,W,,single,tbr,,steering,1,12,rest,attention,left,0.680583,0.618774,-1,1,0,0.791268,,,,202271.367963,2.411397,1.130395,0.0
W_s13_tbr_single_2026-08-18_1787071143,2026-08-18,W,,single,tbr,,steering,1,13,rest,rest,right,0.759037,0.590463,-1,,1,0.756125,,,,1569.276215,2.220433,0.805713,1.0
W_s13_tbr_single_2026-08-18_1787071143,2026-08-18,W,,single,tbr,,steering,1,14,rest,attention,right,0.938794,0.688566,1,1,1,0.81585,,,,1811.257273,0.878766,1.7055,2.0
W_s13_tbr_single_2026-08-18_1787071143,2026-08-18,W,,single,tbr,,steering,1,15,rest,rest,left,0.233065,0.505018,-1,,1,0.86615,,,,147.107918,8.095193,0.512963,7.0
W_s13_tbr_single_2026-08-18_1787071143,2026-08-18,W,,single,tbr,,steering,1,16,rest,attention,left,0.941339,0.695029,-1,1,0,0.830718,,,,126.948784,1.332052,0.874221,0.0
W_s13_tbr_single_2026-08-18_1787071143,2026-08-18,W,,single,tbr,,steering,1,17,rest,rest,right,0.533974,0.54375,-1,,1,0.8164,,,,777.00462,5.520385,0.345092,5.0
W_s13_tbr_single_2026-08-18_1787071143,2026-08-18,W,,single,tbr,,steering,1,18,rest,attention,left,0.776428,0.618696,-1,1,1,0.826024,,,,44.495998,2.480534,0.336534,1.0
W_s13_tbr_single_2026-08-18_1787071143,2026-08-18,W,,single,tbr,,steering,1,19,rest,rest,right,0.519175,0.529145,1,,1,0.864575,,,,39.122799,3.63516,0.23697,1.0
W_s14_ei_single_2026-08-18_1787072036,2026-08-18,W,,single,ei,,steering,1,0,rest,attention,left,0.54676,0.548954,-1,1,0,0.778325,,,,537.001685,1.204772,0.760603,0.0
W_s14_ei_single_2026-08-18_1787072036,2026-08-18,W,,single,ei,,steering,1,1,rest,rest,right,0.605985,0.550724,-1,,0,0.8301,,,,772.578812,1.221366,0.616862,0.0
W_s14_ei_single_2026-08-18_1787072036,2026-08-18,W,,single,ei,,steering,1,2,rest,attention,right,0.721594,0.603809,1,0,1,0.782268,,,,545.964954,1.043908,0.857424,3.0
W_s14_ei_single_2026-08-18_1787072036,2026-08-18,W,,single,ei,,steering,1,3,rest,rest,left,0.830737,0.627295,1,,1,0.744128,,,,17246.408371,0.925624,0.949273,1.0
W_s14_ei_single_2026-08-18_1787072036,2026-08-18,W,,single,ei,,steering,1,4,rest,attention,left,0.840003,0.672614,-1,1,1,0.769575,,,,821.789429,0.893948,1.681981,2.0
W_s14_ei_single_2026-08-18_1787072036,2026-08-18,W,,single,ei,,steering,1,5,rest,rest,right,0.745173,0.590451,-1,,1,0.759707,,,,12.398122,1.00033,0.718856,2.0
W_s14_ei_single_2026-08-18_1787072036,2026-08-18,W,,single,ei,,steering,1,6,rest,attention,right,0.858961,0.667399,-1,1,1,0.80522,,,,26438.662805,1.125492,1.040691,1.0
W_s14_ei_single_2026-08-18_1787072036,2026-08-18,W,,single,ei,,steering,1,7,rest,rest,left,0.506299,0.525808,1,,1,0.812829,,,,55.014807,2.02723,0.496465,2.0
W_s14_ei_single_2026-08-18_1787072036,2026-08-18,W,,single,ei,,steering,1,8,rest,attention,left,0.770834,0.633682,-1,1,1,0.874175,,,,4908.237184,1.232808,0.879491,1.0
W_s14_ei_single_2026-08-18_1787072036,2026-08-18,W,,single,ei,,steering,1,9,rest,rest,right,0.812629,0.526344,-1,,1,0.848825,,,,7512.010502,18.546073,0.507692,6.0
W_s14_ei_single_2026-08-18_1787072036,2026-08-18,W,,single,ei,,steering,1,10,rest,attention,right,0.375392,0.502103,-1,0,0,0.834275,,,,9.001087,1.907345,0.414716,0.0
W_s14_ei_single_2026-08-18_1787072036,2026-08-18,W,,single,ei,,steering,1,11,rest,rest,left,0.262156,0.5,-1,,1,0.881537,,,,1003.310893,26.169406,0.227961,4.0
W_s14_ei_single_2026-08-18_1787072036,2026-08-18,W,,single,ei,,steering,1,12,rest,attention,left,0.405931,0.51224,-1,1,0,0.8649,,,,8.966169,2.09862,0.427134,0.0
W_s14_ei_single_2026-08-18_1787072036,2026-08-18,W,,single,ei,,steering,1,13,rest,rest,right,0.505909,0.526169,1,,1,0.865025,,,,3492.284117,1.760156,0.54266,1.0
W_s14_ei_single_2026-08-18_1787072036,2026-08-18,W,,single,ei,,steering,1,14,rest,attention,right,0.347451,0.502003,1,0,1,0.7918,,,,69.673456,2.198786,0.396075,2.0
W_s14_ei_single_2026-08-18_1787072036,2026-08-18,W,,single,ei,,steering,1,15,rest,rest,left,0.256822,0.501705,1,,1,0.842512,,,,849.724247,5.703782,0.267264,4.0
W_s14_ei_single_2026-08-18_1787072036,2026-08-18,W,,single,ei,,steering,1,16,rest,attention,left,0.709572,0.608393,1,0,0,0.764976,,,,126.485506,1.119823,0.892015,0.0
W_s14_ei_single_2026-08-18_1787072036,2026-08-18,W,,single,ei,,steering,1,17,rest,rest,right,0.528617,0.531515,1,,1,0.82915,,,,87.034246,1.424962,0.539852,2.0
W_s14_ei_single_2026-08-18_1787072036,2026-08-18,W,,single,ei,,steering,1,18,rest,attention,left,0.751145,0.622121,-1,1,1,0.7975,,,,641.10402,1.058854,1.084671,1.0
W_s14_ei_single_2026-08-18_1787072036,2026-08-18,W,,single,ei,,steering,1,19,rest,rest,right,0.928448,0.598054,1,,1,0.775275,,,,4401.10121,1.103399,0.92652,4.0
W_s15_alpha_single_wet_2026-08-19_1787162099,2026-08-19,W,,single,alpha,wet,steering,1,0,rest,attention,left,0.747379,0.66797,-1,1,0,0.767816,,,,9.170319,1.774994,0.456233,0.0
W_s15_alpha_single_wet_2026-08-19_1787162099,2026-08-19,W,,single,alpha,wet,steering,1,1,rest,rest,right,0.077931,0.508708,-1,,0,0.789897,,,,47.465134,2.431475,0.528898,0.0
W_s15_alpha_single_wet_2026-08-19_1787162099,2026-08-19,W,,single,alpha,wet,steering,1,2,rest,attention,right,0.308755,0.571808,1,0,1,0.767953,,,,138.161388,4.240335,0.651309,3.0
W_s15_alpha_single_wet_2026-08-19_1787162099,2026-08-19,W,,single,alpha,wet,steering,1,3,rest,rest,left,0.0,0.5,-1,,1,0.78407,,,,1240.004011,1.235714,0.767309,5.0
W_s15_alpha_single_wet_2026-08-19_1787162099,2026-08-19,W,,single,alpha,wet,steering,1,4,rest,attention,left,0.673211,0.658941,-1,1,0,0.701077,,,,9.762058,1.354485,0.689808,0.0
W_s15_alpha_single_wet_2026-08-19_1787162099,2026-08-19,W,,single,alpha,wet,steering,1,5,rest,rest,right,0.154935,0.50678,-1,,1,0.821553,,,,263.372596,4.886386,0.537429,4.0
W_s15_alpha_single_wet_2026-08-19_1787162099,2026-08-19,W,,single,alpha,wet,steering,1,6,rest,attention,right,0.400482,0.571128,1,1,1,0.753698,,,,13.70688,1.453946,0.528147,1.0
W_s15_alpha_single_wet_2026-08-19_1787162099,2026-08-19,W,,single,alpha,wet,steering,1,7,rest,rest,left,0.003991,0.5,1,,1,0.854786,,,,545.504553,2.509446,0.588842,4.0
W_s15_alpha_single_wet_2026-08-19_1787162099,2026-08-19,W,,single,alpha,wet,steering,1,8,rest,attention,left,0.588613,0.590952,-1,1,1,0.804947,,,,63.212805,1.414613,0.668537,1.0
W_s15_alpha_single_wet_2026-08-19_1787162099,2026-08-19,W,,single,alpha,wet,steering,1,9,rest,rest,right,0.090484,0.50113,-1,,1,0.832,,,,202.170174,3.040633,0.375392,3.0
W_s15_alpha_single_wet_2026-08-19_1787162099,2026-08-19,W,,single,alpha,wet,steering,1,10,rest,attention,right,0.685667,0.644004,1,1,1,0.76131,,,,68.49188,1.939499,0.535403,2.0
W_s15_alpha_single_wet_2026-08-19_1787162099,2026-08-19,W,,single,alpha,wet,steering,1,11,rest,rest,left,0.0,0.5,1,,1,0.78807,,,,92.920222,1.002177,1.377229,5.0
W_s15_alpha_single_wet_2026-08-19_1787162099,2026-08-19,W,,single,alpha,wet,steering,1,12,rest,attention,left,0.814609,0.690153,-1,1,0,0.768231,,,,8.540185,2.424357,0.497896,0.0
W_s15_alpha_single_wet_2026-08-19_1787162099,2026-08-19,W,,single,alpha,wet,steering,1,13,rest,rest,right,0.326184,0.510662,1,,1,0.786342,,,,30.284478,1.440269,0.601707,4.0
W_s15_alpha_single_wet_2026-08-19_1787162099,2026-08-19,W,,single,alpha,wet,steering,1,14,rest,attention,right,0.845855,0.703527,1,1,1,0.787372,,,,8.942648,1.999188,0.483565,1.0
W_s15_alpha_single_wet_2026-08-19_1787162099,2026-08-19,W,,single,alpha,wet,steering,1,15,rest,rest,left,0.009383,0.5,1,,1,0.800143,,,,39.769423,2.46863,0.43249,4.0
W_s15_alpha_single_wet_2026-08-19_1787162099,2026-08-19,W,,single,alpha,wet,steering,1,16,rest,attention,left,0.34939,0.575215,-1,1,1,0.763974,,,,14.144593,3.913743,0.28813,1.0
W_s15_alpha_single_wet_2026-08-19_1787162099,2026-08-19,W,,single,alpha,wet,steering,1,17,rest,rest,right,0.043639,0.5,1,,1,0.831795,,,,35.136573,1.782303,0.607749,3.0
W_s15_alpha_single_wet_2026-08-19_1787162099,2026-08-19,W,,single,alpha,wet,steering,1,18,rest,attention,left,0.56793,0.631301,-1,1,1,0.759238,,,,94.270701,2.531501,0.437861,1.0
W_s15_alpha_single_wet_2026-08-19_1787162099,2026-08-19,W,,single,alpha,wet,steering,1,19,rest,rest,right,0.112057,0.5,1,,1,0.812048,,,,33.67296,2.723395,0.698998,4.0
W_s16_tbr_single_wet_2026-08-19_1787162982,2026-08-19,W,,single,tbr,wet,steering,1,0,rest,attention,left,0.572816,0.606932,-1,1,1,0.805053,,,,27.991062,1.928485,0.452251,1.0
W_s16_tbr_single_wet_2026-08-19_1787162982,2026-08-19,W,,single,tbr,wet,steering,1,1,rest,rest,right,0.707684,0.652685,1,,1,0.740487,,,,279.887926,1.992891,0.70697,2.0
W_s16_tbr_single_wet_2026-08-19_1787162982,2026-08-19,W,,single,tbr,wet,steering,1,2,rest,attention,right,0.607957,0.618044,1,1,1,0.737326,,,,13.943139,1.871684,0.472224,1.0
W_s16_tbr_single_wet_2026-08-19_1787162982,2026-08-19,W,,single,tbr,wet,steering,1,3,rest,rest,left,0.733186,0.668738,1,,1,0.737103,,,,78.604892,1.388026,0.852219,2.0
W_s16_tbr_single_wet_2026-08-19_1787162982,2026-08-19,W,,single,tbr,wet,steering,1,4,rest,attention,left,0.992141,0.713176,-1,1,1,0.746342,,,,436.468318,0.978423,0.785993,1.0
W_s16_tbr_single_wet_2026-08-19_1787162982,2026-08-19,W,,single,tbr,wet,steering,1,5,rest,rest,right,0.862858,0.660256,1,,1,0.804692,,,,181.912613,1.431082,2.044358,2.0
W_s16_tbr_single_wet_2026-08-19_1787162982,2026-08-19,W,,single,tbr,wet,steering,1,6,rest,attention,right,0.997881,0.714057,1,1,1,0.751698,,,,985.873205,0.954517,0.949657,1.0
W_s16_tbr_single_wet_2026-08-19_1787162982,2026-08-19,W,,single,tbr,wet,steering,2,0,rest,attention,left,0.35911,0.557709,-1,1,1,0.777359,,,,79.857858,2.443665,0.419981,1.0
W_s16_tbr_single_wet_2026-08-19_1787162982,2026-08-19,W,,single,tbr,wet,steering,2,1,rest,rest,right,0.52448,0.574828,-1,,1,0.779238,,,,47.845227,1.62862,0.628029,1.0
W_s16_tbr_single_wet_2026-08-19_1787162982,2026-08-19,W,,single,tbr,wet,steering,2,2,rest,attention,right,0.40794,0.55738,1,1,0,0.760548,,,,8.344721,1.684289,0.475919,0.0
W_s16_tbr_single_wet_2026-08-19_1787162982,2026-08-19,W,,single,tbr,wet,steering,2,3,rest,rest,left,0.801877,0.653286,-1,,1,0.779615,,,,35.531026,1.226228,0.642547,1.0
W_s16_tbr_single_wet_2026-08-19_1787162982,2026-08-19,W,,single,tbr,wet,steering,2,4,rest,attention,left,0.899394,0.681952,-1,1,1,0.794769,,,,53.358816,1.088397,0.743236,2.0
W_s16_tbr_single_wet_2026-08-19_1787162982,2026-08-19,W,,single,tbr,wet,steering,2,5,rest,rest,right,0.212389,0.534198,-1,,1,0.843024,,,,207.239605,8.984939,0.463944,4.0
W_s16_tbr_single_wet_2026-08-19_1787162982,2026-08-19,W,,single,tbr,wet,steering,2,6,rest,attention,right,0.784445,0.653514,1,1,1,0.726395,,,,70.687701,1.140721,0.933375,1.0
W_s16_tbr_single_wet_2026-08-19_1787162982,2026-08-19,W,,single,tbr,wet,steering,2,7,rest,rest,left,0.010366,0.5,-1,,1,0.799026,,,,53.074502,2.816222,0.295056,1.0
W_s16_tbr_single_wet_2026-08-19_1787162982,2026-08-19,W,,single,tbr,wet,steering,2,8,rest,attention,left,0.607627,0.609286,-1,1,0,0.793895,,,,12.873164,1.496534,0.55845,0.0
W_s16_tbr_single_wet_2026-08-19_1787162982,2026-08-19,W,,single,tbr,wet,steering,2,9,rest,rest,right,0.388783,0.560345,-1,,1,0.823581,,,,41.460034,1.895435,0.535406,2.0
W_s16_tbr_single_wet_2026-08-19_1787162982,2026-08-19,W,,single,tbr,wet,steering,3,0,rest,attention,left,0.192083,0.510851,-1,0,1,0.876436,,,,70.116615,4.711137,0.749649,2.0
W_s16_tbr_single_wet_2026-08-19_1787162982,2026-08-19,W,,single,tbr,wet,steering,3,1,rest,rest,right,0.061236,0.503847,-1,,1,0.919051,,,,199.130487,1.777084,0.561686,3.0
W_s16_tbr_single_wet_2026-08-19_1787162982,2026-08-19,W,,single,tbr,wet,steering,3,2,rest,attention,right,0.421301,0.530381,1,1,1,0.827487,,,,25.757761,1.073012,0.819792,2.0
W_s16_tbr_single_wet_2026-08-19_1787162982,2026-08-19,W,,single,tbr,wet,steering,3,3,rest,rest,left,0.004407,0.5,-1,,1,0.856767,,,,88.672359,2.187208,0.317624,3.0
W_s16_tbr_single_wet_2026-08-19_1787162982,2026-08-19,W,,single,tbr,wet,steering,3,4,rest,attention,left,0.012861,0.5,-1,1,0,0.777233,,,,10.200239,1.986463,0.407534,0.0
W_s16_tbr_single_wet_2026-08-19_1787162982,2026-08-19,W,,single,tbr,wet,steering,3,5,rest,rest,right,0.43599,0.536872,-1,,1,0.783795,,,,734.366983,0.992479,0.847006,2.0
W_s16_tbr_single_wet_2026-08-19_1787162982,2026-08-19,W,,single,tbr,wet,steering,3,6,rest,attention,right,0.35726,0.546201,1,1,1,0.773026,,,,14.655088,1.870275,0.71008,1.0
W_s16_tbr_single_wet_2026-08-19_1787162982,2026-08-19,W,,single,tbr,wet,steering,3,7,rest,rest,left,0.0,0.5,1,,1,0.81614,,,,4187.523576,87.71221,0.243843,4.0
W_s16_tbr_single_wet_2026-08-19_1787162982,2026-08-19,W,,single,tbr,wet,steering,3,8,rest,attention,left,0.383811,0.537551,-1,1,1,0.778286,,,,8.904238,1.50242,0.688724,1.0
W_s16_tbr_single_wet_2026-08-19_1787162982,2026-08-19,W,,single,tbr,wet,steering,3,9,rest,rest,right,0.252832,0.533622,1,,1,0.763744,,,,118.105224,2.068279,0.577996,5.0
W_s16_tbr_single_wet_2026-08-19_1787162982,2026-08-19,W,,single,tbr,wet,steering,3,10,rest,attention,right,0.265429,0.515206,1,1,0,0.827769,,,,9.907093,1.282385,0.663726,0.0
W_s16_tbr_single_wet_2026-08-19_1787162982,2026-08-19,W,,single,tbr,wet,steering,3,11,rest,rest,left,0.177261,0.51454,-1,,1,0.834,,,,286.678686,1.590445,0.579386,2.0
W_s16_tbr_single_wet_2026-08-19_1787162982,2026-08-19,W,,single,tbr,wet,steering,3,12,rest,attention,left,0.597302,0.599939,-1,1,1,0.82831,,,,23.450483,0.952028,0.857354,1.0
W_s16_tbr_single_wet_2026-08-19_1787162982,2026-08-19,W,,single,tbr,wet,steering,3,13,rest,rest,right,0.251801,0.5129,-1,,1,0.780026,,,,508.917017,5.505799,0.696019,2.0
W_s16_tbr_single_wet_2026-08-19_1787162982,2026-08-19,W,,single,tbr,wet,steering,3,14,rest,attention,right,0.452829,0.549225,1,1,1,0.820421,,,,61.182243,1.005027,0.718903,1.0
W_s16_tbr_single_wet_2026-08-19_1787162982,2026-08-19,W,,single,tbr,wet,steering,3,15,rest,rest,left,0.30973,0.503864,1,,1,0.813791,,,,48.721105,1.142142,0.793075,3.0
W_s16_tbr_single_wet_2026-08-19_1787162982,2026-08-19,W,,single,tbr,wet,steering,3,16,rest,attention,left,0.64363,0.604524,-1,1,0,0.837238,,,,8.531189,0.856649,0.933032,0.0
W_s16_tbr_single_wet_2026-08-19_1787162982,2026-08-19,W,,single,tbr,wet,steering,3,17,rest,rest,right,0.311708,0.524943,-1,,1,0.784103,,,,37.907068,1.428649,0.773062,2.0
W_s16_tbr_single_wet_2026-08-19_1787162982,2026-08-19,W,,single,tbr,wet,steering,3,18,rest,attention,left,0.5567,0.572705,-1,1,0,0.814615,,,,9.668704,0.966682,0.700721,0.0
W_s16_tbr_single_wet_2026-08-19_1787162982,2026-08-19,W,,single,tbr,wet,steering,3,19,rest,rest,right,0.472782,0.567671,1,,1,0.820209,,,,149.530598,1.050754,1.183334,1.0
W_s17_alpha_single_wet_2026-08-19_1787164357,2026-08-19,W,,single,alpha,wet,speed,1,0,attention,rest,left,0.030713,0.5,1,,0,0.86359,0.006143,0.102564,1,12.783482,6.447175,0.667526,0.0
W_s17_alpha_single_wet_2026-08-19_1787164357,2026-08-19,W,,single,alpha,wet,speed,1,1,rest,rest,left,0.0,0.5,1,,0,0.835368,0.0,0.0,0,32.51843,3.397121,0.460687,0.0
W_s17_alpha_single_wet_2026-08-19_1787164357,2026-08-19,W,,single,alpha,wet,speed,1,2,attention,rest,left,0.149282,0.512487,1,,0,0.833302,0.029856,0.325581,1,17.535979,3.151482,0.689786,0.0
W_s17_alpha_single_wet_2026-08-19_1787164357,2026-08-19,W,,single,alpha,wet,speed,1,3,rest,rest,left,0.0,0.5,1,,0,0.877628,0.0,0.0,0,40.956668,2.280973,0.536074,0.0
W_s17_alpha_single_wet_2026-08-19_1787164357,2026-08-19,W,,single,alpha,wet,speed,1,4,attention,rest,left,0.116833,0.505284,1,,0,0.879385,0.023367,0.25641,1,12.282408,4.301885,0.432893,0.0
W_s17_alpha_single_wet_2026-08-19_1787164357,2026-08-19,W,,single,alpha,wet,speed,1,5,rest,rest,left,0.0,0.5,1,,0,0.84541,0.0,0.0,0,25.735848,1.147949,0.752223,0.0
W_s17_alpha_single_wet_2026-08-19_1787164357,2026-08-19,W,,single,alpha,wet,speed,1,6,attention,rest,left,0.202416,0.50944,1,,0,0.809,0.040483,0.428571,1,9.482369,1.111109,0.727205,0.0
W_s17_alpha_single_wet_2026-08-19_1787164357,2026-08-19,W,,single,alpha,wet,speed,1,7,rest,rest,left,0.0,0.5,1,,0,0.826256,0.0,0.0,0,24.309001,1.344888,0.620472,0.0
W_s17_alpha_single_wet_2026-08-19_1787164357,2026-08-19,W,,single,alpha,wet,speed,1,8,attention,rest,left,0.125281,0.505236,1,,0,0.867846,0.025056,0.358974,1,7.457935,1.517806,0.598947,0.0
W_s17_alpha_single_wet_2026-08-19_1787164357,2026-08-19,W,,single,alpha,wet,speed,1,9,rest,rest,left,0.0,0.5,1,,0,0.81559,0.0,0.0,0,36.814081,1.458468,0.791035,0.0
W_s17_alpha_single_wet_2026-08-19_1787164357,2026-08-19,W,,single,alpha,wet,speed,1,10,attention,rest,left,0.010224,0.5,1,,0,0.836186,0.002045,0.023256,0,15.969923,1.037978,0.796776,0.0
W_s17_alpha_single_wet_2026-08-19_1787164357,2026-08-19,W,,single,alpha,wet,speed,1,11,rest,rest,left,0.0,0.5,1,,0,0.777279,0.0,0.0,0,32.081556,2.034491,0.446071,0.0
W_s17_alpha_single_wet_2026-08-19_1787164357,2026-08-19,W,,single,alpha,wet,speed,1,12,attention,rest,left,0.007182,0.5,1,,0,0.828,0.001436,0.051282,0,14.897413,1.028343,0.920932,0.0
W_s17_alpha_single_wet_2026-08-19_1787164357,2026-08-19,W,,single,alpha,wet,speed,1,13,rest,rest,left,0.0,0.5,1,,0,0.816436,0.0,0.0,0,29.70924,2.440423,0.398988,0.0
W_s17_alpha_single_wet_2026-08-19_1787164357,2026-08-19,W,,single,alpha,wet,speed,1,14,attention,rest,left,0.078347,0.500731,1,,0,0.80707,0.015669,0.255814,1,12.712378,1.447942,0.707356,0.0
W_s17_alpha_single_wet_2026-08-19_1787164357,2026-08-19,W,,single,alpha,wet,speed,1,15,rest,rest,left,0.0,0.5,1,,0,0.787738,0.0,0.0,0,23.015496,1.995952,0.537248,0.0
W_s17_alpha_single_wet_2026-08-19_1787164357,2026-08-19,W,,single,alpha,wet,speed,1,16,attention,rest,left,0.013913,0.5,1,,0,0.814821,0.002783,0.051282,0,12.12061,2.696655,0.503833,0.0
W_s17_alpha_single_wet_2026-08-19_1787164357,2026-08-19,W,,single,alpha,wet,speed,1,17,rest,rest,left,0.0,0.5,1,,0,0.864179,0.0,0.0,0,187.891569,4.235551,0.594817,0.0
W_s17_alpha_single_wet_2026-08-19_1787164357,2026-08-19,W,,single,alpha,wet,speed,1,18,attention,rest,left,0.019576,0.5,1,,0,0.875119,0.003915,0.071429,0,11.364586,1.487579,0.543854,0.0
W_s17_alpha_single_wet_2026-08-19_1787164357,2026-08-19,W,,single,alpha,wet,speed,1,19,rest,rest,left,0.0,0.5,1,,0,0.820907,0.0,0.0,0,261.660455,4.99999,0.567805,0.0
W_s18_tbr_single_wet_2026-08-19_1787165067,2026-08-19,W,,single,tbr,wet,speed,1,0,attention,rest,left,0.082989,0.500564,1,,0,0.897513,0.016598,0.25641,1,7.831577,1.279494,0.595082,0.0
W_s18_tbr_single_wet_2026-08-19_1787165067,2026-08-19,W,,single,tbr,wet,speed,1,1,rest,rest,left,0.0,0.5,1,,0,0.832692,0.0,0.0,0,42.948285,7.106872,0.197724,0.0
W_s18_tbr_single_wet_2026-08-19_1787165067,2026-08-19,W,,single,tbr,wet,speed,1,2,attention,rest,left,0.083679,0.501363,1,,0,0.808595,0.016736,0.285714,1,7.240673,1.472862,0.558122,0.0
W_s18_tbr_single_wet_2026-08-19_1787165067,2026-08-19,W,,single,tbr,wet,speed,1,3,rest,rest,left,0.001155,0.5,1,,0,0.855791,0.000231,0.0,0,15.840443,3.156278,0.461588,0.0
W_s18_tbr_single_wet_2026-08-19_1787165067,2026-08-19,W,,single,tbr,wet,speed,1,4,attention,rest,left,0.043317,0.5,1,,0,0.824256,0.008663,0.153846,1,8.367028,1.410527,0.51596,0.0
W_s18_tbr_single_wet_2026-08-19_1787165067,2026-08-19,W,,single,tbr,wet,speed,1,5,rest,rest,left,0.0,0.5,1,,0,0.880316,0.0,0.0,0,13.9781,3.400948,0.293697,0.0
W_s18_tbr_single_wet_2026-08-19_1787165067,2026-08-19,W,,single,tbr,wet,speed,1,6,attention,rest,left,0.105811,0.508798,1,,0,0.842744,0.021162,0.186047,1,9.689388,1.650465,0.497307,0.0
W_s18_tbr_single_wet_2026-08-19_1787165067,2026-08-19,W,,single,tbr,wet,speed,1,7,rest,rest,left,0.0,0.5,1,,0,0.92193,0.0,0.0,0,21.06392,3.278862,0.407257,0.0
W_s18_tbr_single_wet_2026-08-19_1787165067,2026-08-19,W,,single,tbr,wet,speed,1,8,attention,rest,left,0.081377,0.500255,1,,0,0.848974,0.016275,0.25641,1,9.362701,2.143292,0.559407,0.0
W_s18_tbr_single_wet_2026-08-19_1787165067,2026-08-19,W,,single,tbr,wet,speed,1,9,rest,rest,left,0.001926,0.5,1,,0,0.865513,0.000385,0.0,0,19.377618,1.865506,0.509656,0.0
W_s18_tbr_single_wet_2026-08-19_1787165067,2026-08-19,W,,single,tbr,wet,speed,1,10,attention,rest,left,0.18432,0.505025,1,,0,0.830674,0.036864,0.418605,1,10.480774,1.751214,0.612257,0.0
W_s18_tbr_single_wet_2026-08-19_1787165067,2026-08-19,W,,single,tbr,wet,speed,1,11,rest,rest,left,0.007361,0.5,1,,0,0.864279,0.001472,0.023256,0,60.307371,4.038147,0.399989,0.0
W_s18_tbr_single_wet_2026-08-19_1787165067,2026-08-19,W,,single,tbr,wet,speed,1,12,attention,rest,left,0.251632,0.511472,1,,0,0.854949,0.050326,0.615385,1,8.330526,1.188198,0.618577,0.0
W_s18_tbr_single_wet_2026-08-19_1787165067,2026-08-19,W,,single,tbr,wet,speed,1,13,rest,rest,left,0.0,0.5,1,,0,0.828846,0.0,0.0,0,31.338221,3.917738,0.430901,0.0
W_s18_tbr_single_wet_2026-08-19_1787165067,2026-08-19,W,,single,tbr,wet,speed,1,14,attention,rest,left,0.0584,0.503942,1,,0,0.823302,0.01168,0.116279,1,8.643616,1.539254,0.543671,0.0
W_s18_tbr_single_wet_2026-08-19_1787165067,2026-08-19,W,,single,tbr,wet,speed,1,15,rest,rest,left,0.0,0.5,1,,0,0.784209,0.0,0.0,0,74.153735,9.182956,0.194595,0.0
W_s18_tbr_single_wet_2026-08-19_1787165067,2026-08-19,W,,single,tbr,wet,speed,1,16,attention,rest,left,0.258555,0.50829,1,,0,0.804487,0.051711,0.666667,1,6.789048,1.066807,0.633274,0.0
W_s18_tbr_single_wet_2026-08-19_1787165067,2026-08-19,W,,single,tbr,wet,speed,1,17,rest,rest,left,0.002696,0.5,1,,0,0.928179,0.000539,0.025641,0,74.866504,2.982746,0.433518,0.0
W_s18_tbr_single_wet_2026-08-19_1787165067,2026-08-19,W,,single,tbr,wet,speed,1,18,attention,rest,left,0.112488,0.504076,1,,0,0.836093,0.022498,0.27907,1,190.705422,1.337909,0.578607,0.0
W_s18_tbr_single_wet_2026-08-19_1787165067,2026-08-19,W,,single,tbr,wet,speed,1,19,rest,rest,left,0.0,0.5,1,,0,0.884023,0.0,0.0,0,75.398869,12.191751,0.152743,0.0
W_s1_alpha_single_2026-08-17_1786963963,2026-08-17,W,,single,alpha,,steering,1,0,rest,attention,left,0.823119,0.630783,-1,1,1,0.811975,,,,31.643489,2.04094,0.409268,1.0
W_s1_alpha_single_2026-08-17_1786963963,2026-08-17,W,,single,alpha,,steering,1,1,rest,rest,right,0.032883,0.5,-1,,1,0.907769,,,,111.7424,15.30386,0.232781,4.0
W_s1_alpha_single_2026-08-17_1786963963,2026-08-17,W,,single,alpha,,steering,1,2,rest,attention,right,0.755805,0.620795,1,1,1,0.8749,,,,36.774476,3.57993,0.233964,1.0
W_s1_alpha_single_2026-08-17_1786963963,2026-08-17,W,,single,alpha,,steering,1,3,rest,rest,left,0.0,0.5,1,,1,0.895976,,,,790.5669,37.727967,0.13078,6.0
W_s1_alpha_single_2026-08-17_1786963963,2026-08-17,W,,single,alpha,,steering,1,4,rest,attention,left,0.566556,0.56046,-1,1,1,0.895875,,,,47.863247,3.745199,0.247165,1.0
W_s1_alpha_single_2026-08-17_1786963963,2026-08-17,W,,single,alpha,,steering,1,5,rest,rest,right,0.262899,0.500635,1,,1,0.912718,,,,49.95165,32.265943,0.283739,3.0
W_s1_alpha_single_2026-08-17_1786963963,2026-08-17,W,,single,alpha,,steering,1,6,rest,attention,right,0.811708,0.590263,1,0,1,0.889725,,,,54.788554,3.641366,0.344773,3.0
W_s1_alpha_single_2026-08-17_1786963963,2026-08-17,W,,single,alpha,,steering,1,7,rest,rest,left,0.0,0.5,1,,1,0.875561,,,,576.336874,22.385293,0.35252,5.0
W_s1_alpha_single_2026-08-17_1786963963,2026-08-17,W,,single,alpha,,steering,1,8,rest,attention,left,0.594913,0.547126,-1,1,1,0.879262,,,,58.803138,3.680816,0.26744,1.0
W_s1_alpha_single_2026-08-17_1786963963,2026-08-17,W,,single,alpha,,steering,1,9,rest,rest,right,0.182425,0.504548,-1,,1,0.911795,,,,837.900453,32.41062,0.173087,4.0
W_s1_alpha_single_2026-08-17_1786963963,2026-08-17,W,,single,alpha,,steering,1,10,rest,attention,right,0.649119,0.597512,1,1,1,0.847359,,,,20.538631,6.830123,0.237789,1.0
W_s1_alpha_single_2026-08-17_1786963963,2026-08-17,W,,single,alpha,,steering,1,11,rest,rest,left,0.10735,0.5,1,,1,0.849381,,,,117.004566,7.56996,0.169511,5.0
W_s1_alpha_single_2026-08-17_1786963963,2026-08-17,W,,single,alpha,,steering,1,12,rest,attention,left,0.62328,0.56307,-1,0,1,0.88619,,,,46.389773,4.453431,0.198022,2.0
W_s1_alpha_single_2026-08-17_1786963963,2026-08-17,W,,single,alpha,,steering,1,13,rest,rest,right,0.056682,0.5,1,,1,0.899875,,,,695.375597,15.077607,0.140347,3.0
W_s1_alpha_single_2026-08-17_1786963963,2026-08-17,W,,single,alpha,,steering,1,14,rest,attention,right,0.687002,0.593637,1,1,0,0.8855,,,,19.981863,3.51232,0.316895,0.0
W_s1_alpha_single_2026-08-17_1786963963,2026-08-17,W,,single,alpha,,steering,1,15,rest,rest,left,0.247929,0.500399,1,,1,0.940293,,,,147.155764,5.69386,0.346911,5.0
W_s1_alpha_single_2026-08-17_1786963963,2026-08-17,W,,single,alpha,,steering,1,16,rest,attention,left,0.214697,0.508199,-1,0,1,0.909122,,,,112.797993,8.6248,0.20041,4.0
W_s1_alpha_single_2026-08-17_1786963963,2026-08-17,W,,single,alpha,,steering,1,17,rest,rest,right,0.033037,0.5,1,,1,0.977308,,,,15843.852519,21.439295,0.124031,2.0
W_s1_alpha_single_2026-08-17_1786963963,2026-08-17,W,,single,alpha,,steering,1,18,rest,attention,right,0.449177,0.56659,1,1,1,0.86735,,,,23.632735,4.463367,0.271681,1.0
W_s1_alpha_single_2026-08-17_1786963963,2026-08-17,W,,single,alpha,,steering,1,19,rest,rest,left,0.0,0.5,-1,,1,0.896175,,,,298.629612,12.724378,0.186696,5.0
W_s2_tbr_single_2026-08-17_1786978657,2026-08-17,W,,single,tbr,,steering,1,0,rest,attention,left,0.681155,0.581834,-1,0,1,0.868833,,,,29.878385,1.104218,0.773615,2.0
W_s2_tbr_single_2026-08-17_1786978657,2026-08-17,W,,single,tbr,,steering,1,1,rest,rest,right,0.068384,0.5,-1,,1,0.853026,,,,394.137776,3.588635,0.416105,6.0
W_s2_tbr_single_2026-08-17_1786978657,2026-08-17,W,,single,tbr,,steering,1,2,rest,attention,right,0.468283,0.566872,1,1,1,0.886821,,,,15.111131,1.713927,0.574242,1.0
W_s2_tbr_single_2026-08-17_1786978657,2026-08-17,W,,single,tbr,,steering,1,3,rest,rest,left,0.189722,0.519965,-1,,1,0.896487,,,,3903.990545,3.939182,0.480467,3.0
W_s2_tbr_single_2026-08-17_1786978657,2026-08-17,W,,single,tbr,,steering,1,4,rest,attention,left,0.16056,0.503819,-1,0,1,0.858429,,,,104.257412,4.400097,0.51715,4.0
W_s2_tbr_single_2026-08-17_1786978657,2026-08-17,W,,single,tbr,,steering,1,5,rest,rest,right,0.064763,0.5,-1,,1,0.835923,,,,189.644124,4.296923,0.202151,7.0
W_s2_tbr_single_2026-08-17_1786978657,2026-08-17,W,,single,tbr,,steering,1,6,rest,attention,right,0.042227,0.5,1,0,1,0.91459,,,,60.984401,4.000021,0.313582,3.0
W_s2_tbr_single_2026-08-17_1786978657,2026-08-17,W,,single,tbr,,steering,1,7,rest,rest,left,0.001962,0.5,1,,1,0.919175,,,,570.291091,12.433924,0.206401,5.0
W_s2_tbr_single_2026-08-17_1786978657,2026-08-17,W,,single,tbr,,steering,1,8,rest,attention,left,0.302565,0.517435,-1,0,1,0.872119,,,,32.749756,1.990706,0.410235,3.0
W_s2_tbr_single_2026-08-17_1786978657,2026-08-17,W,,single,tbr,,steering,1,9,rest,rest,right,0.063125,0.5,-1,,1,0.854308,,,,159.522284,6.418504,0.359352,7.0
W_s2_tbr_single_2026-08-17_1786978657,2026-08-17,W,,single,tbr,,steering,1,10,rest,attention,right,0.346405,0.503933,1,0,1,0.835564,,,,32.965633,1.837559,0.412993,2.0
W_s2_tbr_single_2026-08-17_1786978657,2026-08-17,W,,single,tbr,,steering,1,11,rest,rest,left,0.0,0.5,1,,1,0.769564,,,,165.577029,10.00477,0.264473,4.0
W_s2_tbr_single_2026-08-17_1786978657,2026-08-17,W,,single,tbr,,steering,1,12,rest,attention,left,0.426402,0.515205,-1,0,1,0.640419,,,,66.348539,1.544006,0.525089,4.0
W_s2_tbr_single_2026-08-17_1786978657,2026-08-17,W,,single,tbr,,steering,1,13,rest,rest,right,0.153978,0.500246,-1,,1,0.660359,,,,53.471565,2.988835,0.367678,3.0
W_s2_tbr_single_2026-08-17_1786978657,2026-08-17,W,,single,tbr,,steering,1,14,rest,attention,right,0.130483,0.500581,1,0,1,0.619605,,,,65.759319,6.918361,0.441434,3.0
W_s2_tbr_single_2026-08-17_1786978657,2026-08-17,W,,single,tbr,,steering,1,15,rest,rest,left,0.164032,0.501084,1,,1,0.628897,,,,1322.565058,21.135167,0.212957,6.0
W_s2_tbr_single_2026-08-17_1786978657,2026-08-17,W,,single,tbr,,steering,1,16,rest,attention,left,0.327561,0.515091,-1,0,1,0.672238,,,,63.159366,2.149071,0.524767,2.0
W_s2_tbr_single_2026-08-17_1786978657,2026-08-17,W,,single,tbr,,steering,1,17,rest,rest,right,0.0,0.5,1,,1,0.66341,,,,658.37305,37.344567,0.162256,5.0
W_s2_tbr_single_2026-08-17_1786978657,2026-08-17,W,,single,tbr,,steering,1,18,rest,attention,right,0.121542,0.503062,1,0,1,0.728949,,,,25.017473,2.947714,0.407941,2.0
W_s2_tbr_single_2026-08-17_1786978657,2026-08-17,W,,single,tbr,,steering,1,19,rest,rest,left,0.131667,0.502285,-1,,1,0.867553,,,,44.792892,7.323673,0.376024,3.0
W_s3_ei_single_2026-08-17_1786981123,2026-08-17,W,,single,ei,,steering,1,0,rest,attention,left,0.62684,0.553111,-1,0,1,0.788179,,,,59.099462,3.260187,0.310972,2.0
W_s3_ei_single_2026-08-17_1786981123,2026-08-17,W,,single,ei,,steering,1,1,rest,rest,right,0.551598,0.514817,-1,,1,0.843051,,,,3062.963571,21.601662,0.23059,6.0
W_s3_ei_single_2026-08-17_1786981123,2026-08-17,W,,single,ei,,steering,1,2,rest,attention,right,0.678375,0.549086,1,0,1,0.8215,,,,46.495083,4.938506,0.31365,5.0
W_s3_ei_single_2026-08-17_1786981123,2026-08-17,W,,single,ei,,steering,1,3,rest,rest,left,0.759336,0.560555,-1,,1,0.85419,,,,627.984508,10.092471,0.317335,5.0
W_s3_ei_single_2026-08-17_1786981123,2026-08-17,W,,single,ei,,steering,1,4,rest,attention,left,0.779991,0.605727,-1,0,1,0.812872,,,,34.950563,3.999101,0.316097,1.0
W_s3_ei_single_2026-08-17_1786981123,2026-08-17,W,,single,ei,,steering,1,5,rest,rest,right,0.888197,0.577444,-1,,1,0.804436,,,,9923.351988,4.603741,0.846584,4.0
W_s3_ei_single_2026-08-17_1786981123,2026-08-17,W,,single,ei,,steering,1,6,rest,attention,right,0.741538,0.584478,1,0,1,0.83319,,,,51.837195,6.651417,0.343469,2.0
W_s3_ei_single_2026-08-17_1786981123,2026-08-17,W,,single,ei,,steering,1,7,rest,rest,left,0.699636,0.564636,1,,1,0.831524,,,,57405.876611,24.098748,0.315305,5.0
W_s3_ei_single_2026-08-17_1786981123,2026-08-17,W,,single,ei,,steering,1,8,rest,attention,left,0.533468,0.526276,-1,0,1,0.792026,,,,78.599691,8.899863,0.222128,1.0
W_s3_ei_single_2026-08-17_1786981123,2026-08-17,W,,single,ei,,steering,1,9,rest,rest,right,0.60746,0.530544,-1,,1,0.677026,,,,597.390093,24.268022,0.251693,3.0
W_s3_ei_single_2026-08-17_1786981123,2026-08-17,W,,single,ei,,steering,1,10,rest,attention,right,0.638014,0.571218,1,0,1,0.805667,,,,92.328056,4.093472,0.281795,2.0
W_s3_ei_single_2026-08-17_1786981123,2026-08-17,W,,single,ei,,steering,1,11,rest,rest,left,0.561632,0.518533,1,,1,0.777857,,,,130.247458,8.395098,0.308341,5.0
W_s3_ei_single_2026-08-17_1786981123,2026-08-17,W,,single,ei,,steering,1,12,rest,attention,left,0.761294,0.600526,-1,0,1,0.829026,,,,39.365412,3.498256,0.369048,3.0
W_s3_ei_single_2026-08-17_1786981123,2026-08-17,W,,single,ei,,steering,1,13,rest,rest,right,0.68769,0.577277,1,,1,0.85459,,,,159.4128,6.286369,0.306225,3.0
W_s3_ei_single_2026-08-17_1786981123,2026-08-17,W,,single,ei,,steering,1,14,rest,attention,right,0.748341,0.607085,1,1,1,0.790762,,,,35.09073,2.379962,0.348611,2.0
W_s3_ei_single_2026-08-17_1786981123,2026-08-17,W,,single,ei,,steering,1,15,rest,rest,left,0.43172,0.502496,1,,1,0.811262,,,,779.976528,10.210982,0.166749,5.0
W_s3_ei_single_2026-08-17_1786981123,2026-08-17,W,,single,ei,,steering,1,16,rest,attention,left,0.900042,0.675536,-1,0,1,0.776564,,,,15.143236,1.853776,0.487114,1.0
W_s3_ei_single_2026-08-17_1786981123,2026-08-17,W,,single,ei,,steering,1,17,rest,rest,right,0.731765,0.561666,-1,,1,0.803615,,,,32.038282,5.124557,0.299833,5.0
W_s3_ei_single_2026-08-17_1786981123,2026-08-17,W,,single,ei,,steering,1,18,rest,attention,right,0.730474,0.610622,1,1,1,0.821429,,,,18.366438,2.651027,0.328712,1.0
W_s3_ei_single_2026-08-17_1786981123,2026-08-17,W,,single,ei,,steering,1,19,rest,rest,left,0.239741,0.5,-1,,1,0.814333,,,,168.436536,18.148954,0.067734,8.0
W_s4_alpha_single_2026-08-17_1786983342,2026-08-17,W,,single,alpha,,speed,1,0,attention,rest,left,0.296624,0.516603,1,,0,0.853718,0.059325,0.641026,1,35.009889,10.216889,0.34749,0.0
W_s4_alpha_single_2026-08-17_1786983342,2026-08-17,W,,single,alpha,,speed,1,1,rest,rest,left,0.0,0.5,1,,0,0.9461,0.0,0.0,0,366.165849,14.752341,0.106057,0.0
W_s4_alpha_single_2026-08-17_1786983342,2026-08-17,W,,single,alpha,,speed,1,2,attention,rest,left,0.445812,0.528319,1,,0,0.807357,0.089162,0.928571,1,24.907173,8.1489,0.246317,0.0
W_s4_alpha_single_2026-08-17_1786983342,2026-08-17,W,,single,alpha,,speed,1,3,rest,rest,left,0.0,0.5,1,,0,0.903744,0.0,0.0,0,433.887588,30.860983,0.094635,0.0
W_s4_alpha_single_2026-08-17_1786983342,2026-08-17,W,,single,alpha,,speed,1,4,attention,rest,left,0.601304,0.57658,1,,0,0.887436,0.120261,0.948718,1,17.561434,12.073914,0.289576,0.0
W_s4_alpha_single_2026-08-17_1786983342,2026-08-17,W,,single,alpha,,speed,1,5,rest,rest,left,0.0,0.5,1,,0,0.914051,0.0,0.0,0,3522.986057,29.043333,0.270296,0.0
W_s4_alpha_single_2026-08-17_1786983342,2026-08-17,W,,single,alpha,,speed,1,6,attention,rest,left,0.31305,0.517524,1,,0,0.852714,0.06261,0.714286,1,31.157235,16.465416,0.255931,0.0
W_s4_alpha_single_2026-08-17_1786983342,2026-08-17,W,,single,alpha,,speed,1,7,rest,rest,left,0.0,0.5,1,,0,0.924231,0.0,0.0,0,183.941105,49.324764,0.147807,0.0
W_s4_alpha_single_2026-08-17_1786983342,2026-08-17,W,,single,alpha,,speed,1,8,attention,rest,left,0.57885,0.565048,1,,0,0.833564,0.11577,0.948718,1,21.884677,13.218558,0.273493,0.0
W_s4_alpha_single_2026-08-17_1786983342,2026-08-17,W,,single,alpha,,speed,1,9,rest,rest,left,0.0,0.5,1,,0,0.853641,0.0,0.0,0,242.207595,34.164583,0.127085,0.0
W_s4_alpha_single_2026-08-17_1786983342,2026-08-17,W,,single,alpha,,speed,1,10,attention,rest,left,0.158072,0.510063,1,,0,0.885286,0.031614,0.333333,1,152.943197,14.593328,0.277902,0.0
W_s4_alpha_single_2026-08-17_1786983342,2026-08-17,W,,single,alpha,,speed,1,11,rest,rest,left,0.013683,0.5,1,,0,0.917462,0.002737,0.051282,0,214.566014,32.270971,0.198613,0.0
W_s4_alpha_single_2026-08-17_1786983342,2026-08-17,W,,single,alpha,,speed,1,12,attention,rest,left,0.608841,0.585017,1,,0,0.93141,0.121768,0.948718,1,19.954031,4.940705,0.454166,0.0
W_s4_alpha_single_2026-08-17_1786983342,2026-08-17,W,,single,alpha,,speed,1,13,rest,rest,left,0.0,0.5,1,,0,0.895051,0.0,0.0,0,637.93318,55.59929,0.032829,0.0
W_s4_alpha_single_2026-08-17_1786983342,2026-08-17,W,,single,alpha,,speed,1,14,attention,rest,left,0.367807,0.533201,1,,0,0.869429,0.073561,0.761905,1,33.7968,14.583615,0.28975,0.0
W_s4_alpha_single_2026-08-17_1786983342,2026-08-17,W,,single,alpha,,speed,1,15,rest,rest,left,0.0,0.5,1,,0,0.917897,0.0,0.0,0,1071.419914,24.322514,0.192966,0.0
W_s4_alpha_single_2026-08-17_1786983342,2026-08-17,W,,single,alpha,,speed,1,16,attention,rest,left,0.31735,0.522774,1,,0,0.817487,0.06347,0.666667,1,37.387889,16.930334,0.2523,0.0
W_s4_alpha_single_2026-08-17_1786983342,2026-08-17,W,,single,alpha,,speed,1,17,rest,rest,left,0.0,0.5,1,,0,0.894205,0.0,0.0,0,976.627538,41.812933,0.145813,0.0
W_s4_alpha_single_2026-08-17_1786983342,2026-08-17,W,,single,alpha,,speed,1,18,attention,rest,left,0.308755,0.517082,1,,0,0.868381,0.061751,0.642857,1,33.510261,10.031431,0.212287,0.0
W_s4_alpha_single_2026-08-17_1786983342,2026-08-17,W,,single,alpha,,speed,1,19,rest,rest,left,0.0,0.5,1,,0,0.880077,0.0,0.0,0,1087.182213,37.138119,0.110895,0.0
W_s5_tbr_single_2026-08-17_1786985490,2026-08-17,W,,single,tbr,,speed,1,0,attention,rest,left,0.157576,0.510632,1,,0,0.91175,0.031515,0.35,1,40.856739,7.46112,0.316547,0.0
W_s5_tbr_single_2026-08-17_1786985490,2026-08-17,W,,single,tbr,,speed,1,1,rest,rest,left,0.0,0.5,1,,0,1.007738,0.0,0.0,0,1166.806273,45.5043,0.107069,0.0
W_s5_tbr_single_2026-08-17_1786985490,2026-08-17,W,,single,tbr,,speed,1,2,attention,rest,left,0.165576,0.512458,1,,0,0.886282,0.033115,0.333333,1,19.325046,9.147329,0.232628,0.0
W_s5_tbr_single_2026-08-17_1786985490,2026-08-17,W,,single,tbr,,speed,1,3,rest,rest,left,0.024992,0.501563,1,,0,0.966447,0.004998,0.052632,0,337.522132,37.866821,0.196365,0.0
W_s5_tbr_single_2026-08-17_1786985490,2026-08-17,W,,single,tbr,,speed,1,4,attention,rest,left,0.057263,0.501252,1,,0,0.9159,0.011453,0.175,1,19.588192,12.291424,0.256581,0.0
W_s5_tbr_single_2026-08-17_1786985490,2026-08-17,W,,single,tbr,,speed,1,5,rest,rest,left,0.016251,0.500613,1,,0,1.019786,0.00325,0.047619,0,153.038746,23.361262,0.270739,0.0
W_s5_tbr_single_2026-08-17_1786985490,2026-08-17,W,,single,tbr,,speed,1,6,attention,rest,left,0.140515,0.504224,1,,0,0.917368,0.028103,0.342105,1,17.972463,10.466486,0.266542,0.0
W_s5_tbr_single_2026-08-17_1786985490,2026-08-17,W,,single,tbr,,speed,1,7,rest,rest,left,0.0,0.5,1,,0,0.959308,0.0,0.0,0,1404.743108,34.230776,0.198969,0.0
W_s5_tbr_single_2026-08-17_1786985490,2026-08-17,W,,single,tbr,,speed,1,8,attention,rest,left,0.375448,0.55382,1,,0,0.888077,0.07509,0.589744,1,26.59237,5.529844,0.321914,0.0
W_s5_tbr_single_2026-08-17_1786985490,2026-08-17,W,,single,tbr,,speed,1,9,rest,rest,left,0.0,0.5,1,,0,0.943605,0.0,0.0,0,77.544121,18.722164,0.214178,0.0
W_s5_tbr_single_2026-08-17_1786985490,2026-08-17,W,,single,tbr,,speed,1,10,attention,rest,left,0.377187,0.567761,1,,0,0.887333,0.075437,0.512821,1,25.378824,4.565715,0.517797,0.0
W_s5_tbr_single_2026-08-17_1786985490,2026-08-17,W,,single,tbr,,speed,1,11,rest,rest,left,0.018436,0.5,1,,0,0.993842,0.003687,0.052632,0,554.703142,43.369748,0.15356,0.0
W_s5_tbr_single_2026-08-17_1786985490,2026-08-17,W,,single,tbr,,speed,1,12,attention,rest,left,0.168581,0.518844,1,,0,0.897051,0.033716,0.333333,1,24.551868,6.694288,0.280395,0.0
W_s5_tbr_single_2026-08-17_1786985490,2026-08-17,W,,single,tbr,,speed,1,13,rest,rest,left,0.0,0.5,1,,0,0.933429,0.0,0.0,0,289.297064,28.130703,0.152271,0.0
W_s5_tbr_single_2026-08-17_1786985490,2026-08-17,W,,single,tbr,,speed,1,14,attention,rest,left,0.087141,0.50237,1,,0,0.922718,0.017428,0.205128,1,24.679566,9.799834,0.290392,0.0
W_s5_tbr_single_2026-08-17_1786985490,2026-08-17,W,,single,tbr,,speed,1,15,rest,rest,left,0.0,0.5,1,,0,0.959658,0.0,0.0,0,160.031958,32.184944,0.252705,0.0
W_s5_tbr_single_2026-08-17_1786985490,2026-08-17,W,,single,tbr,,speed,1,16,attention,rest,left,0.589903,0.601861,1,,0,0.84065,0.117981,0.825,1,16.558653,3.755841,0.420759,0.0
W_s5_tbr_single_2026-08-17_1786985490,2026-08-17,W,,single,tbr,,speed,1,17,rest,rest,left,0.009473,0.5,1,,0,0.904233,0.001895,0.023256,0,2228.809948,38.724062,0.266307,0.0
W_s5_tbr_single_2026-08-17_1786985490,2026-08-17,W,,single,tbr,,speed,1,18,attention,rest,left,0.331222,0.550486,1,,0,40.180795,0.066244,0.512821,1,24.455039,8.47968,0.357533,0.0
W_s5_tbr_single_2026-08-17_1786985490,2026-08-17,W,,single,tbr,,speed,1,19,rest,rest,left,0.0,0.5,1,,0,0.934846,0.0,0.0,0,1278.090335,53.644031,0.134929,0.0
W_s6_ei_single_2026-08-17_1786986102,2026-08-17,W,,single,ei,,speed,1,0,attention,rest,left,0.052094,0.5,1,,0,0.884436,0.010419,0.179487,1,28.898289,5.191229,0.436616,0.0
W_s6_ei_single_2026-08-17_1786986102,2026-08-17,W,,single,ei,,speed,1,1,rest,rest,left,0.0,0.5,1,,0,0.93141,0.0,0.0,0,575.900848,12.825585,0.182349,0.0
W_s6_ei_single_2026-08-17_1786986102,2026-08-17,W,,single,ei,,speed,1,2,attention,rest,left,0.032062,0.5,1,,0,0.923119,0.006412,0.095238,0,22.752777,17.588076,0.274894,0.0
W_s6_ei_single_2026-08-17_1786986102,2026-08-17,W,,single,ei,,speed,1,3,rest,rest,left,0.020592,0.5,1,,0,0.98059,0.004118,0.051282,0,226.816622,48.444722,0.1343,0.0
W_s6_ei_single_2026-08-17_1786986102,2026-08-17,W,,single,ei,,speed,1,4,attention,rest,left,0.010805,0.5,1,,0,0.980974,0.002161,0.076923,0,20.912444,9.544437,0.280437,0.0
W_s6_ei_single_2026-08-17_1786986102,2026-08-17,W,,single,ei,,speed,1,5,rest,rest,left,0.0,0.5,1,,0,0.945436,0.0,0.0,0,71.316876,24.776193,0.219492,0.0
W_s6_ei_single_2026-08-17_1786986102,2026-08-17,W,,single,ei,,speed,1,6,attention,rest,left,0.004646,0.5,1,,0,0.936857,0.000929,0.0,0,23.775119,10.379749,0.266929,0.0
W_s6_ei_single_2026-08-17_1786986102,2026-08-17,W,,single,ei,,speed,1,7,rest,rest,left,0.059017,0.504707,1,,0,0.89159,0.011803,0.128205,1,268.249072,29.946611,0.264961,0.0
W_s6_ei_single_2026-08-17_1786986102,2026-08-17,W,,single,ei,,speed,1,8,attention,rest,left,0.02929,0.5,1,,0,0.93159,0.005858,0.128205,1,18.964545,11.740078,0.31181,0.0
W_s6_ei_single_2026-08-17_1786986102,2026-08-17,W,,single,ei,,speed,1,9,rest,rest,left,0.003732,0.5,1,,0,0.938744,0.000746,0.025641,0,73.260992,14.494868,0.220607,0.0
W_s6_ei_single_2026-08-17_1786986102,2026-08-17,W,,single,ei,,speed,1,10,attention,rest,left,0.020315,0.5,1,,0,0.901571,0.004063,0.095238,0,15.83746,2.630562,0.334305,0.0
W_s6_ei_single_2026-08-17_1786986102,2026-08-17,W,,single,ei,,speed,1,11,rest,rest,left,0.001969,0.5,1,,0,0.928872,0.000394,0.0,0,77.823455,19.413296,0.190915,0.0
W_s6_ei_single_2026-08-17_1786986102,2026-08-17,W,,single,ei,,speed,1,12,attention,rest,left,0.157593,0.526022,1,,0,0.880564,0.031519,0.25641,1,69.527926,7.285941,0.456507,0.0
W_s6_ei_single_2026-08-17_1786986102,2026-08-17,W,,single,ei,,speed,1,13,rest,rest,left,0.0,0.5,1,,0,0.930538,0.0,0.0,0,284.716312,32.454012,0.051773,0.0
W_s6_ei_single_2026-08-17_1786986102,2026-08-17,W,,single,ei,,speed,1,14,attention,rest,left,0.0,0.5,1,,0,0.902857,0.0,0.0,0,18.267315,5.550076,0.266394,0.0
W_s6_ei_single_2026-08-17_1786986102,2026-08-17,W,,single,ei,,speed,1,15,rest,rest,left,0.0,0.5,1,,0,0.923974,0.0,0.0,0,120.028134,31.722829,0.17396,0.0
W_s6_ei_single_2026-08-17_1786986102,2026-08-17,W,,single,ei,,speed,1,16,attention,rest,left,0.051735,0.5,1,,0,0.907846,0.010347,0.230769,1,55.155696,8.285889,0.37532,0.0
W_s6_ei_single_2026-08-17_1786986102,2026-08-17,W,,single,ei,,speed,1,17,rest,rest,left,0.005184,0.5,1,,0,0.934436,0.001037,0.0,0,686.635053,28.838494,0.231582,0.0
W_s6_ei_single_2026-08-17_1786986102,2026-08-17,W,,single,ei,,speed,1,18,attention,rest,left,0.128664,0.505173,1,,0,0.904381,0.025733,0.380952,1,30.203904,4.925966,0.406541,0.0
W_s6_ei_single_2026-08-17_1786986102,2026-08-17,W,,single,ei,,speed,1,19,rest,rest,left,0.0,0.5,1,,0,0.93195,0.0,0.0,0,105.882164,53.789805,0.120866,0.0
W_s7_alpha_single_2026-08-18_1787041241,2026-08-18,W,,single,alpha,,steering,1,0,rest,attention,left,0.669785,0.641888,-1,1,0,0.797698,,,,29.629155,3.413838,0.287949,0.0
W_s7_alpha_single_2026-08-18_1787041241,2026-08-18,W,,single,alpha,,steering,1,1,rest,rest,right,0.0,0.5,1,,1,0.80441,,,,1177.884507,15.016115,0.333844,5.0
W_s7_alpha_single_2026-08-18_1787041241,2026-08-18,W,,single,alpha,,steering,1,2,rest,attention,right,0.875748,0.675921,1,1,1,0.762158,,,,4336.335694,2.093779,0.369486,2.0
W_s7_alpha_single_2026-08-18_1787041241,2026-08-18,W,,single,alpha,,steering,1,3,rest,rest,left,0.096803,0.500675,1,,1,0.785513,,,,1201.891362,5.801116,0.256995,5.0
W_s7_alpha_single_2026-08-18_1787041241,2026-08-18,W,,single,alpha,,steering,1,4,rest,attention,left,0.99912,0.74956,-1,1,0,0.752357,,,,12.220353,2.155135,0.438529,0.0
W_s7_alpha_single_2026-08-18_1787041241,2026-08-18,W,,single,alpha,,steering,1,5,rest,rest,right,0.032365,0.5,-1,,1,0.764051,,,,431.852707,7.030501,0.176416,5.0
W_s7_alpha_single_2026-08-18_1787041241,2026-08-18,W,,single,alpha,,steering,1,6,rest,attention,right,0.082262,0.512306,1,0,1,0.771974,,,,27985.234905,4.304669,0.408997,4.0
W_s7_alpha_single_2026-08-18_1787041241,2026-08-18,W,,single,alpha,,steering,1,7,rest,rest,left,0.0,0.5,1,,1,0.803683,,,,238196.553909,28.689174,0.149416,6.0
W_s7_alpha_single_2026-08-18_1787041241,2026-08-18,W,,single,alpha,,steering,1,8,rest,attention,left,0.263921,0.530292,1,0,1,0.756163,,,,698.526047,2.413679,0.586428,3.0
W_s7_alpha_single_2026-08-18_1787041241,2026-08-18,W,,single,alpha,,steering,1,9,rest,rest,right,0.072687,0.504099,1,,1,0.771282,,,,1406.754239,6.075497,0.189271,3.0
W_s7_alpha_single_2026-08-18_1787041241,2026-08-18,W,,single,alpha,,steering,1,10,rest,attention,right,0.56089,0.570871,1,1,1,0.733684,,,,5911.011787,3.966686,0.462284,2.0
W_s7_alpha_single_2026-08-18_1787041241,2026-08-18,W,,single,alpha,,steering,1,11,rest,rest,left,0.316011,0.513686,-1,,1,0.734524,,,,3966.797205,5.415021,0.236929,5.0
W_s7_alpha_single_2026-08-18_1787041241,2026-08-18,W,,single,alpha,,steering,1,12,rest,attention,left,0.38039,0.568958,-1,1,1,0.764349,,,,633.805916,2.615028,0.441774,2.0
W_s7_alpha_single_2026-08-18_1787041241,2026-08-18,W,,single,alpha,,steering,1,13,rest,rest,right,0.029805,0.5,1,,1,0.767462,,,,57279.996521,7.498308,0.185654,5.0
W_s7_alpha_single_2026-08-18_1787041241,2026-08-18,W,,single,alpha,,steering,1,14,rest,attention,right,0.323257,0.524074,-1,0,1,0.798132,,,,12314.19063,1.392794,0.602465,4.0
W_s7_alpha_single_2026-08-18_1787041241,2026-08-18,W,,single,alpha,,steering,1,15,rest,rest,left,0.252095,0.519949,-1,,1,0.800415,,,,553.9973,4.457244,0.316563,5.0
W_s7_alpha_single_2026-08-18_1787041241,2026-08-18,W,,single,alpha,,steering,1,16,rest,attention,left,0.438166,0.569584,-1,0,1,0.763535,,,,9418.381119,6.684607,0.252669,2.0
W_s7_alpha_single_2026-08-18_1787041241,2026-08-18,W,,single,alpha,,steering,1,17,rest,rest,right,0.450715,0.512715,-1,,1,0.822744,,,,570.68941,9.222377,0.15242,5.0
W_s7_alpha_single_2026-08-18_1787041241,2026-08-18,W,,single,alpha,,steering,1,18,rest,attention,right,0.621694,0.562595,1,1,1,0.738842,,,,3653.985411,2.363572,0.467229,2.0
W_s7_alpha_single_2026-08-18_1787041241,2026-08-18,W,,single,alpha,,steering,1,19,rest,rest,left,0.251236,0.501787,1,,1,0.72655,,,,871.737067,3.261733,0.280797,4.0
W_s8_tbr_single_2026-08-18_1787042889,2026-08-18,W,,single,tbr,,steering,1,0,rest,attention,left,0.755225,0.583447,-1,0,1,0.715316,,,,69.991427,1.22857,0.599138,2.0
W_s8_tbr_single_2026-08-18_1787042889,2026-08-18,W,,single,tbr,,steering,1,1,rest,rest,right,0.0,0.5,-1,,1,0.785977,,,,53581.846927,52.454785,0.058361,7.0
W_s8_tbr_single_2026-08-18_1787042889,2026-08-18,W,,single,tbr,,steering,1,2,rest,attention,right,0.11293,0.5,-1,1,1,0.772791,,,,27375.231545,3.331426,0.310109,2.0
W_s8_tbr_single_2026-08-18_1787042889,2026-08-18,W,,single,tbr,,steering,1,3,rest,rest,left,0.376954,0.51453,-1,,1,0.813079,,,,1365.628762,2.98016,0.764852,5.0
W_s8_tbr_single_2026-08-18_1787042889,2026-08-18,W,,single,tbr,,steering,1,4,rest,attention,left,0.620386,0.59719,-1,1,0,0.767872,,,,9.937699,1.548473,0.543398,0.0
W_s8_tbr_single_2026-08-18_1787042889,2026-08-18,W,,single,tbr,,steering,1,5,rest,rest,right,0.433454,0.555008,1,,1,0.713442,,,,4361.76353,6.777383,0.604111,5.0
W_s8_tbr_single_2026-08-18_1787042889,2026-08-18,W,,single,tbr,,steering,1,6,rest,attention,right,0.5437,0.542808,1,1,1,0.803286,,,,1870.871729,1.662208,0.50068,2.0
W_s8_tbr_single_2026-08-18_1787042889,2026-08-18,W,,single,tbr,,steering,1,7,rest,rest,left,0.184022,0.500519,1,,1,0.810436,,,,2542.158032,10.201992,0.54701,4.0
W_s8_tbr_single_2026-08-18_1787042889,2026-08-18,W,,single,tbr,,steering,1,8,rest,attention,left,0.087246,0.502171,-1,0,1,0.760308,,,,13478.887195,2.491966,0.348223,3.0
W_s8_tbr_single_2026-08-18_1787042889,2026-08-18,W,,single,tbr,,steering,1,9,rest,rest,right,0.338957,0.515653,1,,1,0.752209,,,,2196.728541,2.091268,0.626116,1.0
W_s8_tbr_single_2026-08-18_1787042889,2026-08-18,W,,single,tbr,,steering,1,10,rest,attention,right,0.592844,0.555119,1,1,0,0.777095,,,,90.7284,1.59695,0.477445,0.0
W_s8_tbr_single_2026-08-18_1787042889,2026-08-18,W,,single,tbr,,steering,1,11,rest,rest,left,0.255954,0.517946,-1,,1,0.824333,,,,2116.168339,28.364675,0.831864,3.0
W_s8_tbr_single_2026-08-18_1787042889,2026-08-18,W,,single,tbr,,steering,1,12,rest,attention,left,0.579745,0.541493,-1,1,1,0.785846,,,,2613.018978,1.622814,0.543929,2.0
W_s8_tbr_single_2026-08-18_1787042889,2026-08-18,W,,single,tbr,,steering,1,13,rest,rest,right,0.292095,0.509177,-1,,1,0.762302,,,,130.539332,2.512444,0.548852,2.0
W_s8_tbr_single_2026-08-18_1787042889,2026-08-18,W,,single,tbr,,steering,1,14,rest,attention,right,0.116408,0.501701,1,1,1,0.758907,,,,12.629249,2.702085,0.337677,1.0
W_s8_tbr_single_2026-08-18_1787042889,2026-08-18,W,,single,tbr,,steering,1,15,rest,rest,left,0.255938,0.508616,-1,,1,0.822077,,,,913.148549,3.572227,0.346998,2.0
W_s8_tbr_single_2026-08-18_1787042889,2026-08-18,W,,single,tbr,,steering,1,16,rest,attention,left,0.034516,0.5,-1,1,1,0.788868,,,,17.653164,2.916799,0.271181,1.0
W_s8_tbr_single_2026-08-18_1787042889,2026-08-18,W,,single,tbr,,steering,1,17,rest,rest,right,0.127578,0.504858,-1,,1,0.752023,,,,146.032642,3.307653,0.398717,1.0
W_s8_tbr_single_2026-08-18_1787042889,2026-08-18,W,,single,tbr,,steering,1,18,rest,attention,right,0.668613,0.587205,1,0,1,0.78786,,,,71.424339,1.374189,0.553734,1.0
W_s8_tbr_single_2026-08-18_1787042889,2026-08-18,W,,single,tbr,,steering,1,19,rest,rest,left,0.053478,0.5,1,,1,0.765923,,,,6549.199312,5.452686,0.289601,6.0
W_s9_ei_single_2026-08-18_1787045325,2026-08-18,W,,single,ei,,steering,1,0,rest,attention,left,0.702174,0.562681,1,0,1,0.791974,,,,1200.078778,1.928989,0.565595,3.0
W_s9_ei_single_2026-08-18_1787045325,2026-08-18,W,,single,ei,,steering,1,1,rest,rest,right,0.421205,0.505556,1,,1,0.737256,,,,28032.446952,10.153495,0.391766,4.0
W_s9_ei_single_2026-08-18_1787045325,2026-08-18,W,,single,ei,,steering,1,2,rest,attention,right,0.368444,0.5,1,1,1,0.747079,,,,310.967532,2.341081,0.339761,1.0
W_s9_ei_single_2026-08-18_1787045325,2026-08-18,W,,single,ei,,steering,1,3,rest,rest,left,0.709259,0.562538,1,,1,0.793526,,,,230.020656,2.203914,0.627488,2.0
W_s9_ei_single_2026-08-18_1787045325,2026-08-18,W,,single,ei,,steering,1,4,rest,attention,left,0.487344,0.510464,-1,1,1,0.752643,,,,67.751024,1.541435,0.471636,1.0
W_s9_ei_single_2026-08-18_1787045325,2026-08-18,W,,single,ei,,steering,1,5,rest,rest,right,0.381629,0.501888,1,,1,0.778116,,,,1427.722882,2.607411,0.359002,3.0
W_s9_ei_single_2026-08-18_1787045325,2026-08-18,W,,single,ei,,steering,1,6,rest,attention,right,0.331001,0.504585,1,0,1,0.796658,,,,17.784278,3.372218,0.296126,2.0
W_s9_ei_single_2026-08-18_1787045325,2026-08-18,W,,single,ei,,steering,1,7,rest,rest,left,0.445132,0.527318,1,,1,0.757892,,,,4085.798411,33.397776,0.405245,3.0
W_s9_ei_single_2026-08-18_1787045325,2026-08-18,W,,single,ei,,steering,1,8,rest,attention,left,0.32196,0.5,-1,0,1,0.764837,,,,1299.755737,2.796857,0.303707,4.0
W_s9_ei_single_2026-08-18_1787045325,2026-08-18,W,,single,ei,,steering,1,9,rest,rest,right,0.376479,0.527094,-1,,1,0.796643,,,,1866.665005,3.410881,0.382181,2.0
W_s9_ei_single_2026-08-18_1787045325,2026-08-18,W,,single,ei,,steering,1,10,rest,attention,right,0.413647,0.502607,1,1,1,0.820625,,,,690.571903,1.824324,0.424161,1.0
W_s9_ei_single_2026-08-18_1787045325,2026-08-18,W,,single,ei,,steering,1,11,rest,rest,left,0.499473,0.537008,-1,,1,0.839425,,,,12376.591321,1.873122,0.482646,1.0
W_s9_ei_single_2026-08-18_1787045325,2026-08-18,W,,single,ei,,steering,1,12,rest,attention,left,0.454974,0.507266,-1,1,0,0.76985,,,,1753.001331,2.003678,0.428622,0.0
W_s9_ei_single_2026-08-18_1787045325,2026-08-18,W,,single,ei,,steering,1,13,rest,rest,right,0.548136,0.55965,-1,,1,0.820415,,,,3863.883482,2.679274,0.566318,1.0
W_s9_ei_single_2026-08-18_1787045325,2026-08-18,W,,single,ei,,steering,1,14,rest,attention,right,0.529341,0.526879,1,1,0,0.806902,,,,73.734198,1.6453,0.484542,0.0
W_s9_ei_single_2026-08-18_1787045325,2026-08-18,W,,single,ei,,steering,1,15,rest,rest,left,0.287946,0.502624,1,,1,0.785718,,,,305.796765,5.579463,0.22581,5.0
W_s9_ei_single_2026-08-18_1787045325,2026-08-18,W,,single,ei,,steering,1,16,rest,attention,left,0.360056,0.502775,-1,1,1,0.810775,,,,229.385031,2.305997,0.354774,2.0
W_s9_ei_single_2026-08-18_1787045325,2026-08-18,W,,single,ei,,steering,1,17,rest,rest,right,0.234123,0.5,1,,1,0.82061,,,,450.862739,8.734336,0.183713,5.0
W_s9_ei_single_2026-08-18_1787045325,2026-08-18,W,,single,ei,,steering,1,18,rest,attention,right,0.557692,0.531734,1,1,1,0.814024,,,,201.729187,1.650891,0.567307,2.0
W_s9_ei_single_2026-08-18_1787045325,2026-08-18,W,,single,ei,,steering,1,19,rest,rest,left,0.603664,0.525388,1,,1,0.788923,,,,5021.187042,2.019081,0.535738,2.0
