session_id,date,subject,subject_b,device_mode,metric,electrode,roles,trial_idx,a_state,b_state,b_direction,speed_intent,steer_intent,steer_direction,is_blink,latency_ms,mean_alpha,mean_tbr,mean_ei,blink_count
W_s1_alpha_single_2026-08-17_1786954074,2026-08-17,W,,single,alpha,,steering,0,rest,attention,left,0.582569,0.591582,-1,1,0.720125,180.087107,19.489494,0.129068,4.0
W_s1_alpha_single_2026-08-17_1786954074,2026-08-17,W,,single,alpha,,steering,1,rest,rest,right,0.376095,0.550232,1,1,0.688595,409.598808,12.573793,0.155814,3.0
W_s1_alpha_single_2026-08-17_1786954074,2026-08-17,W,,single,alpha,,steering,2,rest,attention,right,0.213375,0.503435,1,1,0.798405,77.504419,8.793837,0.157779,2.0
W_s1_alpha_single_2026-08-17_1786954074,2026-08-17,W,,single,alpha,,steering,3,rest,rest,left,0.331979,0.543778,-1,1,0.836667,1293.079084,24.698354,0.097342,6.0
W_s1_alpha_single_2026-08-17_1786954074,2026-08-17,W,,single,alpha,,steering,4,rest,attention,left,0.357603,0.50894,-1,1,0.791128,410.160816,25.314912,0.054872,7.0
W_s1_alpha_single_2026-08-17_1786954074,2026-08-17,W,,single,alpha,,steering,5,rest,rest,right,0.005894,0.5,1,1,0.80081,290.751842,35.668846,0.048074,7.0
W_s1_alpha_single_2026-08-17_1786954074,2026-08-17,W,,single,alpha,,steering,6,rest,attention,right,0.198555,0.510197,1,1,0.8075,197.111475,30.303434,0.098264,5.0
W_s1_alpha_single_2026-08-17_1786954074,2026-08-17,W,,single,alpha,,steering,7,rest,rest,left,0.083978,0.5,1,1,0.812436,279904.70071,26.498201,0.048621,7.0
W_s1_alpha_single_2026-08-17_1786954074,2026-08-17,W,,single,alpha,,steering,8,rest,attention,left,0.105724,0.500642,-1,1,0.784513,415.704494,40.116599,0.026461,7.0
W_s1_alpha_single_2026-08-17_1786954074,2026-08-17,W,,single,alpha,,steering,0,rest,attention,left,0.582569,0.591582,-1,1,0.720125,741.975557,18.267012,0.062987,0.0
W_s1_alpha_single_2026-08-17_1786954074,2026-08-17,W,,single,alpha,,steering,1,rest,rest,right,0.376095,0.550232,1,1,0.688595,11176.804662,24.8784,0.091189,3.0
W_s1_alpha_single_2026-08-17_1786954074,2026-08-17,W,,single,alpha,,steering,2,rest,attention,right,0.213375,0.503435,1,1,0.798405,15355.194129,21.149477,0.064178,1.0
W_s1_alpha_single_2026-08-17_1786954074,2026-08-17,W,,single,alpha,,steering,3,rest,rest,left,0.331979,0.543778,-1,1,0.836667,40872.032203,19.764398,0.067593,3.0
W_s1_alpha_single_2026-08-17_1786954074,2026-08-17,W,,single,alpha,,steering,4,rest,attention,left,0.357603,0.50894,-1,1,0.791128,17971.330975,11.964838,0.109503,1.0
W_s1_alpha_single_2026-08-17_1786954074,2026-08-17,W,,single,alpha,,steering,0,rest,attention,left,0.582569,0.591582,-1,1,0.720125,381.453754,15.509976,0.109048,0.0
W_s1_alpha_single_2026-08-17_1786954074,2026-08-17,W,,single,alpha,,steering,1,rest,rest,right,0.376095,0.550232,1,1,0.688595,483.028107,15.262189,0.100407,2.0
W_s1_alpha_single_2026-08-17_1786954074,2026-08-17,W,,single,alpha,,steering,0,rest,attention,left,0.582569,0.591582,-1,1,0.720125,207954.723367,13.47922,0.128519,2.0
W_s1_alpha_single_2026-08-17_1786954074,2026-08-17,W,,single,alpha,,steering,1,rest,rest,right,0.376095,0.550232,1,1,0.688595,352446.346682,38.441366,0.047326,4.0
W_s1_alpha_single_2026-08-17_1786954074,2026-08-17,W,,single,alpha,,steering,2,rest,attention,right,0.213375,0.503435,1,1,0.798405,218.954521,13.408635,0.130512,1.0
W_s1_alpha_single_2026-08-17_1786954074,2026-08-17,W,,single,alpha,,steering,3,rest,rest,left,0.331979,0.543778,-1,1,0.836667,28245.414767,28.478571,0.107033,2.0
W_s1_alpha_single_2026-08-17_1786954074,2026-08-17,W,,single,alpha,,steering,0,rest,attention,left,0.582569,0.591582,-1,1,0.720125,884.551498,9.645319,0.155599,2.0
W_s1_alpha_single_2026-08-17_1786954074,2026-08-17,W,,single,alpha,,steering,0,rest,attention,left,0.582569,0.591582,-1,1,0.720125,130.016032,21.933318,0.14675,1.0
W_s1_alpha_single_2026-08-17_1786954074,2026-08-17,W,,single,alpha,,steering,1,rest,rest,right,0.376095,0.550232,1,1,0.688595,302.74349,20.356345,0.114032,4.0
W_s1_alpha_single_2026-08-17_1786954074,2026-08-17,W,,single,alpha,,steering,2,rest,attention,right,0.213375,0.503435,1,1,0.798405,56.164411,11.65775,0.11562,1.0
W_s1_alpha_single_2026-08-17_1786954074,2026-08-17,W,,single,alpha,,steering,3,rest,rest,left,0.331979,0.543778,-1,1,0.836667,409.81515,37.00682,0.096066,1.0
W_s1_alpha_single_2026-08-17_1786954074,2026-08-17,W,,single,alpha,,steering,4,rest,attention,left,0.357603,0.50894,-1,1,0.791128,68.345175,8.642938,0.141436,0.0
W_s1_alpha_single_2026-08-17_1786954074,2026-08-17,W,,single,alpha,,steering,5,rest,rest,right,0.005894,0.5,1,1,0.80081,408949.851492,26.708767,0.176925,8.0
W_s1_alpha_single_2026-08-17_1786954074,2026-08-17,W,,single,alpha,,steering,6,rest,attention,right,0.198555,0.510197,1,1,0.8075,1319.173663,12.157497,0.118271,5.0
W_s1_alpha_single_2026-08-17_1786954074,2026-08-17,W,,single,alpha,,steering,7,rest,rest,left,0.083978,0.5,1,1,0.812436,154.468362,18.880965,0.094223,2.0
W_s1_alpha_single_2026-08-17_1786954074,2026-08-17,W,,single,alpha,,steering,8,rest,attention,left,0.105724,0.500642,-1,1,0.784513,4662.087674,42.137009,0.130352,0.0
W_s1_alpha_single_2026-08-17_1786954074,2026-08-17,W,,single,alpha,,steering,0,rest,attention,left,0.582569,0.591582,-1,1,0.720125,83.617235,11.426085,0.180923,2.0
W_s1_alpha_single_2026-08-17_1786954074,2026-08-17,W,,single,alpha,,steering,1,rest,rest,right,0.376095,0.550232,1,1,0.688595,34709.259946,33.324253,0.119354,5.0
W_s1_alpha_single_2026-08-17_1786954074,2026-08-17,W,,single,alpha,,steering,2,rest,attention,right,0.213375,0.503435,1,1,0.798405,593.312232,20.231957,0.152819,4.0
W_s1_alpha_single_2026-08-17_1786954074,2026-08-17,W,,single,alpha,,steering,3,rest,rest,left,0.331979,0.543778,-1,1,0.836667,74574.950056,22.260088,0.114325,5.0
W_s1_alpha_single_2026-08-17_1786954074,2026-08-17,W,,single,alpha,,steering,4,rest,attention,left,0.357603,0.50894,-1,1,0.791128,116.379443,14.534506,0.096562,2.0
W_s1_alpha_single_2026-08-17_1786954074,2026-08-17,W,,single,alpha,,steering,5,rest,rest,right,0.005894,0.5,1,1,0.80081,146.099706,14.948517,0.115424,3.0
W_s1_alpha_single_2026-08-17_1786954074,2026-08-17,W,,single,alpha,,steering,6,rest,attention,right,0.198555,0.510197,1,1,0.8075,83.754688,17.005047,0.109968,2.0
W_s1_alpha_single_2026-08-17_1786954074,2026-08-17,W,,single,alpha,,steering,7,rest,rest,left,0.083978,0.5,1,1,0.812436,4968.332055,26.379198,0.053373,6.0
W_s1_alpha_single_2026-08-17_1786954074,2026-08-17,W,,single,alpha,,steering,8,rest,attention,left,0.105724,0.500642,-1,1,0.784513,187.484246,15.714569,0.126832,3.0
W_s1_alpha_single_2026-08-17_1786954074,2026-08-17,W,,single,alpha,,steering,9,rest,rest,right,0.04913,0.5,1,1,0.8585,417.582925,15.9122,0.100203,7.0
W_s1_alpha_single_2026-08-17_1786954074,2026-08-17,W,,single,alpha,,steering,10,rest,attention,right,0.579906,0.5545,1,1,0.778098,59.836749,8.851049,0.215865,2.0
W_s1_alpha_single_2026-08-17_1786954074,2026-08-17,W,,single,alpha,,steering,11,rest,rest,left,0.0,0.5,1,1,0.80325,12149.079092,23.05284,0.164075,6.0
W_s1_alpha_single_2026-08-17_1786954074,2026-08-17,W,,single,alpha,,steering,12,rest,attention,left,0.090694,0.5,1,1,0.78965,174.511036,15.663937,0.121784,3.0
W_s1_alpha_single_2026-08-17_1786954074,2026-08-17,W,,single,alpha,,steering,13,rest,rest,right,0.235988,0.5,-1,1,0.787925,3676.588095,14.304573,0.158464,4.0
W_s1_alpha_single_2026-08-17_1786954074,2026-08-17,W,,single,alpha,,steering,14,rest,attention,right,0.49451,0.530321,1,1,0.841119,100.90823,17.589541,0.106455,3.0
W_s1_alpha_single_2026-08-17_1786954074,2026-08-17,W,,single,alpha,,steering,15,rest,rest,left,0.261799,0.5,1,1,0.903548,2147.285572,9.735772,0.127753,8.0
W_s1_alpha_single_2026-08-17_1786954074,2026-08-17,W,,single,alpha,,steering,16,rest,attention,left,0.071998,0.5,-1,1,0.9024,14210.076422,5.507126,0.236539,7.0
W_s1_alpha_single_2026-08-17_1786954074,2026-08-17,W,,single,alpha,,steering,17,rest,rest,right,0.005608,0.5,-1,1,0.891821,262039.638649,13.352092,0.176635,7.0
W_s1_alpha_single_2026-08-17_1786954074,2026-08-17,W,,single,alpha,,steering,18,rest,attention,right,0.178641,0.504844,1,1,0.883585,109.919461,10.617776,0.15568,2.0
W_s1_alpha_single_2026-08-17_1786954074,2026-08-17,W,,single,alpha,,steering,19,rest,rest,left,0.0,0.5,1,1,0.829881,22438.534823,20.30712,0.085535,6.0
W_s1_alpha_single_2026-08-17_1786954074,2026-08-17,W,,single,alpha,,steering,20,rest,attention,left,0.168493,0.501672,-1,1,0.838103,81.212506,12.208391,0.09959,1.0
W_s1_alpha_single_2026-08-17_1786954074,2026-08-17,W,,single,alpha,,steering,21,rest,rest,right,0.035274,0.5,1,1,0.812051,86340.467095,17.179148,0.10399,8.0
W_s1_alpha_single_2026-08-17_1786954074,2026-08-17,W,,single,alpha,,steering,22,rest,attention,right,0.212975,0.5,1,1,0.785095,121.151822,14.254235,0.119117,3.0
W_s1_alpha_single_2026-08-17_1786954074,2026-08-17,W,,single,alpha,,steering,23,rest,rest,left,0.032784,0.5,1,1,0.811024,146.403752,12.505375,0.144312,3.0
W_s1_alpha_single_2026-08-17_1786954074,2026-08-17,W,,single,alpha,,steering,24,rest,attention,left,0.05932,0.5,-1,1,0.803487,144.692473,13.527774,0.125266,2.0
W_s1_alpha_single_2026-08-17_1786954074,2026-08-17,W,,single,alpha,,steering,25,rest,rest,right,0.13709,0.5,-1,1,0.783775,18969.087717,26.30272,0.10771,6.0
W_s1_alpha_single_2026-08-17_1786954074,2026-08-17,W,,single,alpha,,steering,26,rest,attention,right,0.012117,0.5,1,1,0.75605,166.926745,11.849449,0.127791,3.0
W_s1_alpha_single_2026-08-17_1786954074,2026-08-17,W,,single,alpha,,steering,27,rest,rest,left,0.0,0.5,-1,1,0.792659,4094.234439,23.655987,0.094832,6.0
W_s1_alpha_single_2026-08-17_1786954074,2026-08-17,W,,single,alpha,,steering,28,rest,attention,left,0.071834,0.5,-1,1,0.853762,99.958851,11.894542,0.113118,1.0
