trial_idx,a_state,b_state,b_direction,prompt_ts,start_ts,end_ts,duration_sec,n_samples,mean_alpha,mean_tbr,mean_ei,blink_count
0,rest,attention,left,1786954079.380573,1786954084.553918,1786954104.599961,20.046043,41,180.087107,19.489494,0.129068,4
1,rest,rest,right,1786954104.599961,1786954109.631907,1786954129.983055,20.351148,40,409.598808,12.573793,0.155814,3
2,rest,attention,right,1786954129.983055,1786954135.103653,1786954155.183563,20.07991,39,77.504419,8.793837,0.157779,2
3,rest,rest,left,1786954155.183563,1786954160.363806,1786954180.483401,20.119595,41,1293.079084,24.698354,0.097342,6
4,rest,attention,left,1786954180.483401,1786954185.732853,1786954205.735416,20.002563,41,410.160816,25.314912,0.054872,7
5,rest,rest,right,1786954205.735416,1786954210.919186,1786954230.935401,20.016215,39,290.751842,35.668846,0.048074,7
6,rest,attention,right,1786954230.935401,1786954236.283288,1786954256.471586,20.188298,40,197.111475,30.303434,0.098264,5
7,rest,rest,left,1786954256.471586,1786954261.483761,1786954281.833881,20.35012,40,279904.70071,26.498201,0.048621,7
8,rest,attention,left,1786954281.833881,1786954287.185628,1786954307.243698,20.05807,42,415.704494,40.116599,0.026461,7
0,rest,attention,left,1786954562.500728,1786954567.660695,1786954587.992751,20.332056,40,741.975557,18.267012,0.062987,0
1,rest,rest,right,1786954587.992751,1786954592.998466,1786954613.208629,20.210163,39,11176.804662,24.8784,0.091189,3
2,rest,attention,right,1786954613.208629,1786954618.497569,1786954638.510489,20.01292,41,15355.194129,21.149477,0.064178,1
3,rest,rest,left,1786954638.510489,1786954643.541216,1786954663.759359,20.218142,39,40872.032203,19.764398,0.067593,3
4,rest,attention,left,1786954663.759359,1786954668.998045,1786954689.009817,20.011772,39,17971.330975,11.964838,0.109503,1
0,rest,attention,left,1786954783.28769,1786954788.357652,1786954808.504034,20.146381,42,381.453754,15.509976,0.109048,0
1,rest,rest,right,1786954808.504034,1786954813.556459,1786954833.965539,20.40908,32,483.028107,15.262189,0.100407,2
0,rest,attention,left,1786954863.759493,1786954868.980985,1786954889.397088,20.416103,40,207954.723367,13.47922,0.128519,2
1,rest,rest,right,1786954889.397088,1786954894.731436,1786954915.154306,20.42287,40,352446.346682,38.441366,0.047326,4
2,rest,attention,right,1786954915.154306,1786954920.196518,1786954940.330042,20.133523,41,218.954521,13.408635,0.130512,1
3,rest,rest,left,1786954940.330042,1786954945.603607,1786954974.180944,28.577338,19,28245.414767,28.478571,0.107033,2
0,rest,attention,left,1786955038.034793,1786955043.322256,1786955063.381177,20.058921,21,884.551498,9.645319,0.155599,2
0,rest,attention,left,1786955080.557731,1786955085.906646,1786955106.316965,20.410318,42,130.016032,21.933318,0.14675,1
1,rest,rest,right,1786955106.316965,1786955111.628724,1786955131.991363,20.362639,42,302.74349,20.356345,0.114032,4
2,rest,attention,right,1786955131.991363,1786955137.049045,1786955157.277408,20.228363,39,56.164411,11.65775,0.11562,1
3,rest,rest,left,1786955157.277408,1786955162.332391,1786955182.442908,20.110517,39,409.81515,37.00682,0.096066,1
4,rest,attention,left,1786955182.442908,1786955187.850054,1786955208.747536,20.897482,41,68.345175,8.642938,0.141436,0
5,rest,rest,right,1786955208.747536,1786955213.790672,1786955233.986172,20.1955,41,408949.851492,26.708767,0.176925,8
6,rest,attention,right,1786955233.986172,1786955239.050777,1786955259.278246,20.227469,39,1319.173663,12.157497,0.118271,5
7,rest,rest,left,1786955259.278246,1786955264.3365,1786955284.377057,20.040557,22,154.468362,18.880965,0.094223,2
8,rest,attention,left,1786955284.377057,1786955289.781713,1786955309.890307,20.108594,40,4662.087674,42.137009,0.130352,0
0,rest,attention,left,1786955318.8611,1786955324.237192,1786955344.532252,20.29506,40,83.617235,11.426085,0.180923,2
1,rest,rest,right,1786955344.532252,1786955349.946293,1786955370.378298,20.432005,42,34709.259946,33.324253,0.119354,5
2,rest,attention,right,1786955370.378298,1786955375.657979,1786955396.101087,20.443109,42,593.312232,20.231957,0.152819,4
3,rest,rest,left,1786955396.101087,1786955401.149819,1786955421.31586,20.166041,39,74574.950056,22.260088,0.114325,5
4,rest,attention,left,1786955421.31586,1786955426.428473,1786955446.475742,20.04727,39,116.379443,14.534506,0.096562,2
5,rest,rest,right,1786955446.475742,1786955451.883431,1786955472.316579,20.433148,42,146.099706,14.948517,0.115424,3
6,rest,attention,right,1786955472.316579,1786955477.585129,1786955498.004035,20.418906,42,83.754688,17.005047,0.109968,2
7,rest,rest,left,1786955498.004035,1786955503.046689,1786955523.165231,20.118542,39,4968.332055,26.379198,0.053373,6
8,rest,attention,left,1786955523.165231,1786955528.214074,1786955548.408104,20.19403,39,187.484246,15.714569,0.126832,3
9,rest,rest,right,1786955548.408104,1786955553.796271,1786955574.179379,20.383107,40,417.582925,15.9122,0.100203,7
10,rest,attention,right,1786955574.179379,1786955579.513429,1786955599.515335,20.001906,41,59.836749,8.851049,0.215865,2
11,rest,rest,left,1786955599.515335,1786955604.794924,1786955624.919016,20.124092,40,12149.079092,23.05284,0.164075,6
12,rest,attention,left,1786955624.919016,1786955630.082806,1786955650.336865,20.254059,40,174.511036,15.663937,0.121784,3
13,rest,rest,right,1786955650.336865,1786955655.732118,1786955675.852775,20.120658,40,3676.588095,14.304573,0.158464,4
14,rest,attention,right,1786955675.852775,1786955680.965364,1786955701.09097,20.125607,42,100.90823,17.589541,0.106455,3
15,rest,rest,left,1786955701.09097,1786955706.213038,1786955726.332452,20.119415,42,2147.285572,9.735772,0.127753,8
16,rest,attention,left,1786955726.332452,1786955731.466308,1786955751.839165,20.372857,40,14210.076422,5.507126,0.236539,7
17,rest,rest,right,1786955751.839165,1786955756.876555,1786955777.065522,20.188967,39,262039.638649,13.352092,0.176635,7
18,rest,attention,right,1786955777.065522,1786955782.352258,1786955802.362908,20.01065,41,109.919461,10.617776,0.15568,2
19,rest,rest,left,1786955802.362908,1786955807.64013,1786955828.047897,20.407767,42,22438.534823,20.30712,0.085535,6
20,rest,attention,left,1786955828.047897,1786955833.105457,1786955853.314662,20.209205,39,81.212506,12.208391,0.09959,1
21,rest,rest,right,1786955853.314662,1786955858.391445,1786955878.453377,20.061932,39,86340.467095,17.179148,0.10399,8
22,rest,attention,right,1786955878.453377,1786955883.85661,1786955905.19757,21.34096,42,121.151822,14.254235,0.119117,3
23,rest,rest,left,1786955905.19757,1786955910.248755,1786955930.465455,20.2167,41,146.403752,12.505375,0.144312,3
24,rest,attention,left,1786955930.465455,1786955935.795393,1786955955.816631,20.021238,39,144.692473,13.527774,0.125266,2
25,rest,rest,right,1786955955.816631,1786955961.114943,1786955981.427273,20.31233,40,18969.087717,26.30272,0.10771,6
26,rest,attention,right,1786955981.427273,1786955986.715566,1786956007.170813,20.455247,40,166.926745,11.849449,0.127791,3
27,rest,rest,left,1786956007.170813,1786956012.271711,1786956032.414443,20.142732,41,4094.234439,23.655987,0.094832,6
28,rest,attention,left,1786956032.414443,1786956037.715078,1786956058.082048,20.36697,42,99.958851,11.894542,0.113118,1
